[
{
  "model": "backlog.proyecto",
  "pk": 4,
  "fields": {
    "codigo": "NEUSI-001",
    "nombre": "Task Manager: Plataforma Interna de Gestión Ágil NEUSI v2.0",
    "activo": true,
    "creado_en": "2025-10-21T11:10:05Z",
    "actualizado_en": "2025-10-21T11:10:05Z"
  }
},
{
  "model": "backlog.proyecto",
  "pk": 5,
  "fields": {
    "codigo": "NEUSI-002",
    "nombre": "NeoSales: Sistema Integral de Ventas y Crecimiento Comercial",
    "activo": true,
    "creado_en": "2025-10-21T11:10:05Z",
    "actualizado_en": "2025-10-21T11:10:05Z"
  }
},
{
  "model": "backlog.proyecto",
  "pk": 6,
  "fields": {
    "codigo": "NEUSI-003",
    "nombre": "Coofisam360: Sistema Integral de Gestión Cooperativa",
    "activo": true,
    "creado_en": "2025-10-21T11:10:05Z",
    "actualizado_en": "2025-10-21T11:10:05Z"
  }
},
{
  "model": "backlog.proyecto",
  "pk": 7,
  "fields": {
    "codigo": "NEUSI-004",
    "nombre": "NEUADMIN: Sistema Integral de Gestión Humana, Administrativa y Mejora Continua",
    "activo": true,
    "creado_en": "2025-10-21T11:10:05Z",
    "actualizado_en": "2025-10-21T11:10:05Z"
  }
},
{
  "model": "backlog.proyecto",
  "pk": 8,
  "fields": {
    "codigo": "NEUSI-005",
    "nombre": "NEUVIBE: Sistema Integral de Marca, Comunicación y Crecimiento Digital",
    "activo": true,
    "creado_en": "2025-10-21T11:10:05Z",
    "actualizado_en": "2025-10-21T11:10:05Z"
  }
},
{
  "model": "backlog.proyecto",
  "pk": 9,
  "fields": {
    "codigo": "NEUSI-006",
    "nombre": "FinanzApp: Aplicación Inteligente para Finanzas Personales",
    "activo": false,
    "creado_en": "2025-10-21T11:10:05Z",
    "actualizado_en": "2025-10-21T11:10:05Z"
  }
},
{
  "model": "backlog.proyecto",
  "pk": 10,
  "fields": {
    "codigo": "NEUSI-007",
    "nombre": "GoodJob: Plataforma de Gestión para Trabajadores de Mantenimiento",
    "activo": false,
    "creado_en": "2025-10-21T11:10:05Z",
    "actualizado_en": "2025-10-21T11:10:05Z"
  }
},
{
  "model": "backlog.proyecto",
  "pk": 11,
  "fields": {
    "codigo": "NEUSI-008",
    "nombre": "UrbIA: Sistema de Monitoreo Ambiental con SDN y Edge Computing",
    "activo": true,
    "creado_en": "2025-10-21T11:10:05Z",
    "actualizado_en": "2025-10-21T11:10:05Z"
  }
},
{
  "model": "backlog.proyecto",
  "pk": 12,
  "fields": {
    "codigo": "NEUSI-009",
    "nombre": "NeusiBots: Implementación de Bots para Redes Sociales",
    "activo": false,
    "creado_en": "2025-10-21T11:10:05Z",
    "actualizado_en": "2025-10-21T11:10:05Z"
  }
},
{
  "model": "backlog.proyecto",
  "pk": 13,
  "fields": {
    "codigo": "NEUSI-010",
    "nombre": "WebScraping: Sistema de Extracción de Datos Financieros y Entidades",
    "activo": false,
    "creado_en": "2025-10-21T11:10:05Z",
    "actualizado_en": "2025-10-21T11:10:05Z"
  }
},
{
  "model": "backlog.proyecto",
  "pk": 14,
  "fields": {
    "codigo": "NEUSI-011",
    "nombre": "EduTech Kids: Plataforma de Programación para Niños con Impresión 3D",
    "activo": false,
    "creado_en": "2025-10-21T11:10:05Z",
    "actualizado_en": "2025-10-21T11:10:05Z"
  }
},
{
  "model": "backlog.proyecto",
  "pk": 16,
  "fields": {
    "codigo": "NEUSI-000",
    "nombre": "Arquitectura de Soluciones",
    "activo": true,
    "creado_en": "2025-10-21T11:21:51.301Z",
    "actualizado_en": "2025-10-21T11:21:51.301Z"
  }
},
{
  "model": "backlog.proyecto",
  "pk": 17,
  "fields": {
    "codigo": "NEUSI-012",
    "nombre": "NEUCONTA - Sistema Contable Financiero",
    "activo": true,
    "creado_en": "2025-10-21T11:32:41.224Z",
    "actualizado_en": "2025-10-21T11:32:41.224Z"
  }
},
{
  "model": "backlog.proyecto",
  "pk": 18,
  "fields": {
    "codigo": "NEUSI-013",
    "nombre": "NeusiVarios",
    "activo": true,
    "creado_en": "2025-10-21T11:43:22.456Z",
    "actualizado_en": "2025-10-21T11:43:22.456Z"
  }
},
{
  "model": "backlog.sprint",
  "pk": 1,
  "fields": {
    "nombre": "Sprint 1",
    "inicio": "2025-10-20",
    "fin": "2025-10-27"
  }
},
{
  "model": "backlog.sprint",
  "pk": 2,
  "fields": {
    "nombre": "Sprint 2",
    "inicio": "2025-10-28",
    "fin": "2025-11-10"
  }
},
{
  "model": "backlog.sprint",
  "pk": 3,
  "fields": {
    "nombre": "Sprint 3",
    "inicio": "2025-11-04",
    "fin": "2025-12-10"
  }
},
{
  "model": "backlog.sprint",
  "pk": 4,
  "fields": {
    "nombre": "Sprint 4",
    "inicio": "2025-11-11",
    "fin": "2025-11-17"
  }
},
{
  "model": "backlog.sprint",
  "pk": 5,
  "fields": {
    "nombre": "Sprint 5",
    "inicio": "2025-11-18",
    "fin": "2025-11-24"
  }
},
{
  "model": "backlog.sprint",
  "pk": 6,
  "fields": {
    "nombre": "Sprint 6",
    "inicio": "2025-11-25",
    "fin": "2025-12-01"
  }
},
{
  "model": "backlog.sprint",
  "pk": 7,
  "fields": {
    "nombre": "Sprint 7",
    "inicio": "2025-12-02",
    "fin": "2025-12-08"
  }
},
{
  "model": "backlog.sprint",
  "pk": 8,
  "fields": {
    "nombre": "Sprint 8",
    "inicio": "2025-12-09",
    "fin": "2025-12-22"
  }
},
{
  "model": "backlog.epica",
  "pk": 14,
  "fields": {
    "codigo": "EPICA-001",
    "titulo": "Arquitectura Integral y Ecosistema Inteligente",
    "descripcion": "Unificar la arquitectura técnica de NEUSI (.100/.101/.102), definiendo blueprint. Implementar un ecosistema estable y conectado entre los sistemas NEUSI (NEUCONTA, NEUADMIN, etc.)",
    "estado": "ACTIVA",
    "prioridad": "ALTA",
    "proyecto": 16,
    "fecha_inicio": "2025-10-14",
    "fecha_fin": "2025-12-22",
    "kpis": "Ecosistema 100% integrado y operativo en entorno .100",
    "avance_manual": 0,
    "documentos_url": "",
    "owner": 13,
    "creada_en": "2025-10-21T11:19:15Z",
    "actualizada_en": "2025-10-21T11:34:34.186Z",
    "owners": [
      13
    ],
    "sprints": [
      1,
      2,
      3,
      4,
      5,
      6,
      7,
      8
    ]
  }
},
{
  "model": "backlog.epica",
  "pk": 15,
  "fields": {
    "codigo": "EPICA-002",
    "titulo": "Plataforma Coofisam360 (Web + BI)",
    "descripcion": "Desarrollar e integrar módulos web y tableros Power BI del sistema Coofisam360. Consolidar backend, frontend y analítica en una sola arquitectura funcional.",
    "estado": "ACTIVA",
    "prioridad": "ALTA",
    "proyecto": 6,
    "fecha_inicio": "2025-10-14",
    "fecha_fin": "2025-12-22",
    "kpis": "Entrega completa del sistema validado por el cliente",
    "avance_manual": 0,
    "documentos_url": "",
    "owner": 15,
    "creada_en": "2025-10-21T11:19:15Z",
    "actualizada_en": "2025-10-21T11:47:00.152Z",
    "owners": [
      15
    ],
    "sprints": [
      1,
      2,
      3,
      4,
      5,
      6,
      7,
      8
    ]
  }
},
{
  "model": "backlog.epica",
  "pk": 16,
  "fields": {
    "codigo": "EPICA-003",
    "titulo": "NEUCONTA: Sistema Contable y Financiero",
    "descripcion": "Migrar contabilidad desde Siigo Nube, diseñar módulos contables y dashboards financieros. Digitalizar procesos contables y proyectar plan económico 2026.",
    "estado": "ACTIVA",
    "prioridad": "ALTA",
    "proyecto": 17,
    "fecha_inicio": "2025-10-14",
    "fecha_fin": "2025-12-22",
    "kpis": "Sistema NEUCONTA operativo con reportes validados",
    "avance_manual": 0,
    "documentos_url": "",
    "owner": 1,
    "creada_en": "2025-10-21T11:19:15Z",
    "actualizada_en": "2025-10-21T11:33:27.260Z",
    "owners": [
      1
    ],
    "sprints": [
      1,
      2,
      3,
      4,
      5,
      6,
      7,
      8
    ]
  }
},
{
  "model": "backlog.epica",
  "pk": 17,
  "fields": {
    "codigo": "EPICA-004",
    "titulo": "NEUADMIN: Gestión Humana y Administrativa",
    "descripcion": "Estandarizar procesos administrativos y automatizar tareas internas con n8n. Implementar un sistema institucional de roles, políticas y mejora continua.",
    "estado": "ACTIVA",
    "prioridad": "ALTA",
    "proyecto": 7,
    "fecha_inicio": "2025-10-14",
    "fecha_fin": "2025-12-22",
    "kpis": "Procesos administrativos automatizados y validados",
    "avance_manual": 0,
    "documentos_url": "",
    "owner": 2,
    "creada_en": "2025-10-21T11:19:15Z",
    "actualizada_en": "2025-10-21T11:39:31.188Z",
    "owners": [
      2
    ],
    "sprints": [
      1,
      2,
      3,
      4,
      5,
      6,
      7,
      8
    ]
  }
},
{
  "model": "backlog.epica",
  "pk": 18,
  "fields": {
    "codigo": "EPICA-005",
    "titulo": "NEUVIBE: Comunicación y Marca",
    "descripcion": "Fortalecer la identidad visual y presencia digital de NEUSI. Rediseñar la marca y desplegar web institucional moderna con analítica.",
    "estado": "ACTIVA",
    "prioridad": "ALTA",
    "proyecto": 8,
    "fecha_inicio": "2025-10-14",
    "fecha_fin": "2025-12-22",
    "kpis": "Web publicada y engagement >5%",
    "avance_manual": 0,
    "documentos_url": "",
    "owner": 7,
    "creada_en": "2025-10-21T11:19:15Z",
    "actualizada_en": "2025-10-21T11:35:32.875Z",
    "owners": [
      7
    ],
    "sprints": [
      1,
      2,
      3,
      4,
      5,
      6,
      7,
      8
    ]
  }
},
{
  "model": "backlog.epica",
  "pk": 19,
  "fields": {
    "codigo": "EPICA-006",
    "titulo": "NeoSales: Crecimiento Comercial",
    "descripcion": "Implementar sistema comercial y estrategia de posicionamiento NEUSI. Desarrollar embudo de ventas, base de leads y alianzas.",
    "estado": "ACTIVA",
    "prioridad": "ALTA",
    "proyecto": 5,
    "fecha_inicio": "2025-10-14",
    "fecha_fin": "2025-12-22",
    "kpis": "15 leads, 3 reuniones efectivas, 1 alianza cerrada",
    "avance_manual": 0,
    "documentos_url": "",
    "owner": 4,
    "creada_en": "2025-10-21T11:19:15Z",
    "actualizada_en": "2025-10-21T11:36:23.250Z",
    "owners": [
      4
    ],
    "sprints": [
      1,
      2,
      3,
      4,
      5,
      6,
      7,
      8
    ]
  }
},
{
  "model": "backlog.epica",
  "pk": 20,
  "fields": {
    "codigo": "EPICA-007",
    "titulo": "Task Manager: Gestión Ágil Interna",
    "descripcion": "Desarrollar versión 2.0 del NEUSI Task Manager con backend Django REST y frontend Next.js. Consolidar una plataforma interna de gestión ágil y control de tareas.",
    "estado": "ACTIVA",
    "prioridad": "ALTA",
    "proyecto": 4,
    "fecha_inicio": "2025-10-14",
    "fecha_fin": "2025-12-22",
    "kpis": "Task Manager operativo y documentado al cierre 2025",
    "avance_manual": 0,
    "documentos_url": "",
    "owner": 14,
    "creada_en": "2025-10-21T11:19:15Z",
    "actualizada_en": "2025-10-21T15:19:30.288Z",
    "owners": [
      14
    ],
    "sprints": [
      1,
      2,
      3,
      4,
      5,
      6,
      7,
      8
    ]
  }
},
{
  "model": "backlog.epica",
  "pk": 21,
  "fields": {
    "codigo": "EPICA-008",
    "titulo": "Estrategia y Cultura NEUSI Agile",
    "descripcion": "Consolidar framework NEUSI Agile y cultura organizacional para el cierre 2025. Unificar metodología, ceremonias ágiles y tableros de evaluación global.",
    "estado": "ACTIVA",
    "prioridad": "ALTA",
    "proyecto": 18,
    "fecha_inicio": "2025-11-01",
    "fecha_fin": "2025-12-22",
    "kpis": "Framework adoptado al 90% y documentado",
    "avance_manual": 0,
    "documentos_url": "",
    "owner": 13,
    "creada_en": "2025-10-21T11:19:15Z",
    "actualizada_en": "2025-10-21T11:43:43.647Z",
    "owners": [
      13
    ],
    "sprints": [
      1,
      2,
      3,
      4,
      5,
      6,
      7,
      8
    ]
  }
},
{
  "model": "backlog.epica",
  "pk": 22,
  "fields": {
    "codigo": "EPICA-009",
    "titulo": "Formación, Certificación y Desarrollo del Talento NEUSI",
    "descripcion": "Fortalecer las competencias técnicas y estratégicas del equipo NEUSI mediante programas de formación. Consolidar un plan formativo integral.",
    "estado": "ACTIVA",
    "prioridad": "MEDIA",
    "proyecto": 18,
    "fecha_inicio": "2025-10-14",
    "fecha_fin": "2025-12-22",
    "kpis": "≥80% de participación en formaciones y ≥2 certificaciones obtenidas",
    "avance_manual": 0,
    "documentos_url": "",
    "owner": 2,
    "creada_en": "2025-10-21T11:19:15Z",
    "actualizada_en": "2025-10-21T11:44:30.482Z",
    "owners": [
      2
    ],
    "sprints": [
      1,
      2,
      3,
      4,
      5,
      6,
      7,
      8
    ]
  }
},
{
  "model": "backlog.tarea",
  "pk": 146,
  "fields": {
    "titulo": "Crear estructura documental y roles NEUSI",
    "descripcion": "Como administradora, necesito crear la estructura documental y roles NEUSI para estandarizar la gestión. Incluye: Manual de Roles completo, organigrama actualizado y validación con Dirección.",
    "criterios_aceptacion": "• Manual de Roles y Políticas Internas completado\r\n- Organigrama institucional actualizado con roles y responsabilidades\r\n- Documento validado y aprobado por Dirección General (Daniel)\r\n- Archivo PDF generado: \"Manual_Roles_NEUSI.pdf\"",
    "categoria": "UI",
    "estado": "NUEVO",
    "esfuerzo_sp": 5,
    "epica": 17,
    "asignado_a": 2,
    "sprint": 1,
    "completada": false,
    "fecha_cierre": null,
    "informe_cierre": "",
    "asignados": [
      2
    ]
  }
},
{
  "model": "backlog.tarea",
  "pk": 147,
  "fields": {
    "titulo": "Levantar procesos administrativos actuales",
    "descripcion": "Como administradora, necesito documentar todos los procesos administrativos actuales para identificar oportunidades de mejora y automatización.",
    "criterios_aceptacion": "• Listado completo de procesos administrativos documentado\r\n- Mapeo de flujos de trabajo actuales con diagramas\r\n- Identificación de cuellos de botella y procesos manuales\r\n- Documento de diagnóstico inicial entregado",
    "categoria": "NUI",
    "estado": "NUEVO",
    "esfuerzo_sp": 3,
    "epica": 17,
    "asignado_a": 2,
    "sprint": 1,
    "completada": false,
    "fecha_cierre": null,
    "informe_cierre": "",
    "asignados": [
      2
    ]
  }
},
{
  "model": "backlog.tarea",
  "pk": 148,
  "fields": {
    "titulo": "Estandarizar estructura de carpetas digitales",
    "descripcion": "Como administradora, necesito estandarizar las carpetas digitales en Google Drive para organizar eficientemente toda la información administrativa y de talento humano.",
    "criterios_aceptacion": "• Estructura de carpetas definida y documentada\r\n- Nomenclatura estandarizada aplicada\r\n- Carpetas creadas en Google Drive con permisos configurados\r\n- Guía de uso de la estructura documental compartida",
    "categoria": "NUI",
    "estado": "NUEVO",
    "esfuerzo_sp": 2,
    "epica": 17,
    "asignado_a": 2,
    "sprint": 1,
    "completada": false,
    "fecha_cierre": null,
    "informe_cierre": "",
    "asignados": [
      2
    ]
  }
},
{
  "model": "backlog.tarea",
  "pk": 149,
  "fields": {
    "titulo": "Clasificar y migrar contratos y actas a KenDOCdata",
    "descripcion": "Como administradora, necesito clasificar todos los contratos y actas existentes y migrarlos al sistema KenDOCdata para centralizar la gestión documental. Trabajo conjunto con Laura (Contabilidad).",
    "criterios_aceptacion": "• Todos los contratos clasificados por tipo y fecha\r\n- Actas organizadas cronológicamente\r\n- Documentos digitalizados y subidos a KenDOCdata\r\n- Índice de documentos migrados entregado\r\n- Validación con Laura Rivera completada",
    "categoria": "NUI",
    "estado": "NUEVO",
    "esfuerzo_sp": 3,
    "epica": 17,
    "asignado_a": 2,
    "sprint": 1,
    "completada": false,
    "fecha_cierre": null,
    "informe_cierre": "",
    "asignados": [
      2
    ]
  }
},
{
  "model": "backlog.tarea",
  "pk": 150,
  "fields": {
    "titulo": "Revisar y validar documentación administrativa existente",
    "descripcion": "Como directora de NEUSI, necesito revisar toda la documentación administrativa existente para validar el estado actual y definir prioridades de mejora.",
    "criterios_aceptacion": "• Inventario completo de documentación administrativa realizado\r\n- Reporte de gaps y documentos faltantes identificado\r\n- Priorización de documentos pendientes definida\r\n- Sesión de validación con Diana completada",
    "categoria": "UI",
    "estado": "NUEVO",
    "esfuerzo_sp": 2,
    "epica": 17,
    "asignado_a": 13,
    "sprint": 1,
    "completada": false,
    "fecha_cierre": null,
    "informe_cierre": "",
    "asignados": [
      13
    ]
  }
},
{
  "model": "backlog.tarea",
  "pk": 151,
  "fields": {
    "titulo": "Auditoría de identidad visual actual de NEUSI",
    "descripcion": "Como diseñadora de marca, necesito realizar una auditoría completa de la identidad visual actual de NEUSI para identificar oportunidades de mejora y modernización.",
    "criterios_aceptacion": "• Documento de auditoría visual completado\r\n- Análisis de logo, colores, tipografía y materiales actuales\r\n- Benchmark con 3 empresas referentes del sector\r\n- Informe de hallazgos y recomendaciones entregado",
    "categoria": "UI",
    "estado": "NUEVO",
    "esfuerzo_sp": 2,
    "epica": 18,
    "asignado_a": 7,
    "sprint": 1,
    "completada": false,
    "fecha_cierre": null,
    "informe_cierre": "",
    "asignados": [
      7
    ]
  }
},
{
  "model": "backlog.tarea",
  "pk": 152,
  "fields": {
    "titulo": "Definir paleta cromática y tipografía institucional",
    "descripcion": "Como diseñadora de marca, necesito definir la nueva paleta de colores y tipografía de NEUSI que reflejen innovación, tecnología y cercanía.",
    "criterios_aceptacion": "• Paleta cromática definida (colores primarios, secundarios y de apoyo)\r\n- Tipografía principal y secundaria seleccionada\r\n- Propuesta validada con Dirección General (Daniel)\r\n- Documento de especificaciones técnicas de color y tipografía",
    "categoria": "UI",
    "estado": "NUEVO",
    "esfuerzo_sp": 3,
    "epica": 18,
    "asignado_a": 7,
    "sprint": 1,
    "completada": false,
    "fecha_cierre": null,
    "informe_cierre": "",
    "asignados": [
      7
    ]
  }
},
{
  "model": "backlog.tarea",
  "pk": 153,
  "fields": {
    "titulo": "Rediseñar logo NEUSI Solutions",
    "descripcion": "Como diseñadora de marca, necesito rediseñar el logo de NEUSI Solutions para modernizar la percepción institucional y alinearla con la visión 2025-2026.",
    "criterios_aceptacion": "• Mínimo 3 propuestas de rediseño de logo presentadas\r\n- Logo final aprobado por Dirección General\r\n- Versiones del logo: horizontal, vertical, isotipo, negativo\r\n- Archivos en formatos: SVG, PNG, AI, PDF\r\n- Manual de uso del logo (espacios, tamaños mínimos, usos incorrectos)",
    "categoria": "UI",
    "estado": "NUEVO",
    "esfuerzo_sp": 5,
    "epica": 18,
    "asignado_a": 7,
    "sprint": 1,
    "completada": false,
    "fecha_cierre": null,
    "informe_cierre": "",
    "asignados": [
      7
    ]
  }
},
{
  "model": "backlog.tarea",
  "pk": 154,
  "fields": {
    "titulo": "Crear guía básica de uso de marca NEUSI",
    "descripcion": "Como diseñadora institucional, necesito crear una guía de uso de marca que estandarice la aplicación de la identidad visual en todos los materiales.",
    "criterios_aceptacion": "• Guía de marca con logo, colores, tipografía y aplicaciones\r\n- Ejemplos de uso correcto e incorrecto\r\n- Plantilla básica de presentación corporativa\r\n- Documento PDF \"Guia_Marca_NEUSI_v1.pdf\" entregado",
    "categoria": "UI",
    "estado": "NUEVO",
    "esfuerzo_sp": 3,
    "epica": 18,
    "asignado_a": 7,
    "sprint": 1,
    "completada": false,
    "fecha_cierre": null,
    "informe_cierre": "",
    "asignados": [
      7
    ]
  }
},
{
  "model": "backlog.tarea",
  "pk": 155,
  "fields": {
    "titulo": "Presentar Brand Kit NEUSI en Figma/Canva",
    "descripcion": "Como diseñadora de marca, necesito consolidar todos los elementos de identidad visual en un Brand Kit digital accesible para todo el equipo.",
    "criterios_aceptacion": "• Brand Kit creado en Figma o Canva\r\n- Incluye: logo, colores, tipografía, iconografía básica\r\n- Enlace compartido con el equipo NEUSI\r\n- Presentación del Brand Kit en reunión de equipo",
    "categoria": "UI",
    "estado": "NUEVO",
    "esfuerzo_sp": 2,
    "epica": 18,
    "asignado_a": 7,
    "sprint": 1,
    "completada": false,
    "fecha_cierre": null,
    "informe_cierre": "",
    "asignados": [
      7
    ]
  }
},
{
  "model": "backlog.tarea",
  "pk": 156,
  "fields": {
    "titulo": "Exportar balance general y estado de resultados desde Siigo Nube",
    "descripcion": "Como contadora, necesito exportar urgentemente el balance general y estado de resultados 2025 desde Siigo Nube para presentarlo a Dirección esta semana.",
    "criterios_aceptacion": "• Balance General 2025 exportado en Excel\r\n- Estado de Resultados 2025 exportado en Excel\r\n- Archivos guardados en /NEUCONTA/URGENTE/Balance_y_Resultados_2025/\r\n- Validación preliminar de cifras completada",
    "categoria": "UNI",
    "estado": "NUEVO",
    "esfuerzo_sp": 5,
    "epica": 16,
    "asignado_a": 1,
    "sprint": 1,
    "completada": false,
    "fecha_cierre": null,
    "informe_cierre": "",
    "asignados": [
      1
    ]
  }
},
{
  "model": "backlog.tarea",
  "pk": 157,
  "fields": {
    "titulo": "Exportar plan de cuentas y terceros desde Siigo Nube",
    "descripcion": "Como contadora, necesito exportar el plan de cuentas y base de terceros desde Siigo Nube para iniciar el proceso de migración a NEUCONTA.",
    "criterios_aceptacion": "• Plan de cuentas exportado sin errores\r\n- Base de terceros (clientes y proveedores) exportada\r\n- Archivos guardados en /NEUCONTA/LEVANTAMIENTO_2025/RAW_DATA/\r\n- Formato Excel validado",
    "categoria": "UNI",
    "estado": "NUEVO",
    "esfuerzo_sp": 3,
    "epica": 16,
    "asignado_a": 1,
    "sprint": 1,
    "completada": false,
    "fecha_cierre": null,
    "informe_cierre": "",
    "asignados": [
      1
    ]
  }
},
{
  "model": "backlog.tarea",
  "pk": 158,
  "fields": {
    "titulo": "Limpiar y depurar balance general y estado de resultados",
    "descripcion": "Como contadora, necesito limpiar y depurar el balance y estado de resultados exportados, ajustando formatos y validando consistencia de cifras para presentación urgente.",
    "criterios_aceptacion": "• Balance General con formato limpio y validado\r\n- Estado de Resultados con cifras consistentes\r\n- Ajustes de formato (fechas, números, nombres de cuentas) completados\r\n- Archivos listos para presentación a Dirección",
    "categoria": "UI",
    "estado": "NUEVO",
    "esfuerzo_sp": 5,
    "epica": 16,
    "asignado_a": 1,
    "sprint": 1,
    "completada": false,
    "fecha_cierre": null,
    "informe_cierre": "",
    "asignados": [
      1
    ]
  }
},
{
  "model": "backlog.tarea",
  "pk": 159,
  "fields": {
    "titulo": "Elaborar y presentar informe financiero urgente",
    "descripcion": "Como contadora, necesito consolidar el balance y estado de resultados en un informe ejecutivo para presentarlo a Dirección General esta semana.",
    "criterios_aceptacion": "• Informe \"Balance_y_Resultados_2025_Ejecutivo.pdf\" elaborado\r\n- Presentación ejecutiva con análisis de cifras principales\r\n- Informe validado y presentado a Daniel (Dirección)\r\n- Archivo subido a carpeta de seguimiento",
    "categoria": "UI",
    "estado": "NUEVO",
    "esfuerzo_sp": 2,
    "epica": 16,
    "asignado_a": 1,
    "sprint": 1,
    "completada": false,
    "fecha_cierre": null,
    "informe_cierre": "",
    "asignados": [
      1
    ]
  }
},
{
  "model": "backlog.tarea",
  "pk": 160,
  "fields": {
    "titulo": "Definición del embudo de ventas NEUSI",
    "descripcion": "Como líder comercial, necesito diseñar y documentar el embudo de ventas institucional en Notion/Airtable, estableciendo etapas: Atracción → Calificación → Propuesta → Negociación → Cierre → Fidelización.",
    "criterios_aceptacion": "• Documento visible y compartido con Dirección General\r\n- Cada etapa tiene criterios claros de avance\r\n- Embudo documentado en Notion con flujo completo\r\n- Validación con Daniel completada",
    "categoria": "UI",
    "estado": "NUEVO",
    "esfuerzo_sp": 3,
    "epica": 19,
    "asignado_a": 4,
    "sprint": 1,
    "completada": false,
    "fecha_cierre": null,
    "informe_cierre": "",
    "asignados": [
      4
    ]
  }
},
{
  "model": "backlog.tarea",
  "pk": 161,
  "fields": {
    "titulo": "Creación de la base de leads calificados",
    "descripcion": "Como líder comercial, necesito identificar y registrar al menos 15 clientes potenciales (educativo, cooperativo, público), priorizando contactos estratégicos.",
    "criterios_aceptacion": "• Mínimo 15 leads registrados en base de datos\r\n- Base con campos completos: nombre, empresa, cargo, correo, teléfono\r\n- Segmentación por sector y prioridad (Alta, Media, Baja)\r\n- Leads validados como contactos estratégicos",
    "categoria": "UI",
    "estado": "NUEVO",
    "esfuerzo_sp": 3,
    "epica": 19,
    "asignado_a": 4,
    "sprint": 1,
    "completada": false,
    "fecha_cierre": null,
    "informe_cierre": "",
    "asignados": [
      4
    ]
  }
},
{
  "model": "backlog.tarea",
  "pk": 162,
  "fields": {
    "titulo": "Activación de canales institucionales de contacto",
    "descripcion": "Como líder comercial, necesito crear y configurar LinkedIn, WhatsApp Business y correo comercial con imagen corporativa NEUSI unificada. Trabajo conjunto con Daniela (Marketing).",
    "criterios_aceptacion": "• LinkedIn corporativo activo y verificado\r\n- WhatsApp Business configurado con mensaje de bienvenida\r\n- Correo comercial @neusi.com activo\r\n- Descripción corporativa configurada en todos los canales\r\n- Coordinación completada con Daniela Mazuera",
    "categoria": "UI",
    "estado": "NUEVO",
    "esfuerzo_sp": 3,
    "epica": 19,
    "asignado_a": 4,
    "sprint": 1,
    "completada": false,
    "fecha_cierre": null,
    "informe_cierre": "",
    "asignados": [
      4
    ]
  }
},
{
  "model": "backlog.tarea",
  "pk": 163,
  "fields": {
    "titulo": "Diseño inicial de materiales institucionales",
    "descripcion": "Como líder comercial, necesito crear versiones preliminares de brochure y pitch deck institucional con contenido alineado a los servicios NEUSI. Trabajo conjunto con Daniela (Marketing).",
    "criterios_aceptacion": "• Brochure institucional preliminar creado (PDF o Canva)\r\n- Pitch deck institucional preliminar creado\r\n- 2 piezas gráficas revisadas por Dirección\r\n- Alineadas a la identidad visual NEUSI (colores, logo, mensaje)\r\n- Validación de Daniela completada",
    "categoria": "NUI",
    "estado": "NUEVO",
    "esfuerzo_sp": 3,
    "epica": 19,
    "asignado_a": 4,
    "sprint": 1,
    "completada": false,
    "fecha_cierre": null,
    "informe_cierre": "",
    "asignados": [
      4
    ]
  }
},
{
  "model": "backlog.tarea",
  "pk": 164,
  "fields": {
    "titulo": "Registro y reporte comercial semanal",
    "descripcion": "Como líder comercial, necesito consolidar un reporte con avances de contactos, reuniones agendadas y observaciones para mantener informada a la Dirección.",
    "criterios_aceptacion": "• Reporte semanal elaborado con formato estándar NEUSI\r\n- Registro compartido en canal #proyectos-clientes\r\n- Incluye: contactos realizados, reuniones agendadas, observaciones\r\n- Documento validado por Dirección General",
    "categoria": "NUI",
    "estado": "NUEVO",
    "esfuerzo_sp": 3,
    "epica": 19,
    "asignado_a": 4,
    "sprint": 1,
    "completada": false,
    "fecha_cierre": null,
    "informe_cierre": "",
    "asignados": [
      4
    ]
  }
},
{
  "model": "backlog.tarea",
  "pk": 165,
  "fields": {
    "titulo": "Configurar entorno PostgreSQL y archivo .env",
    "descripcion": "Como desarrollador backend, necesito instalar PostgreSQL en el servidor .101, crear base neusitaskmanager_db, usuario y contraseña seguras, y ajustar settings.py para conectar mediante .env usando psycopg2.",
    "criterios_aceptacion": "• PostgreSQL instalado y corriendo en servidor .101\r\n- Base de datos neusitaskmanager_db creada\r\n- Usuario y contraseña configurados de forma segura\r\n- Archivo .env configurado con credenciales\r\n- python manage.py migrate ejecuta sin errores\r\n- Tablas creadas correctamente en PostgreSQL (verificado con \\dt)",
    "categoria": "NUI",
    "estado": "APROBADO",
    "esfuerzo_sp": 5,
    "epica": 20,
    "asignado_a": 14,
    "sprint": 1,
    "completada": false,
    "fecha_cierre": null,
    "informe_cierre": "",
    "asignados": [
      14
    ]
  }
},
{
  "model": "backlog.tarea",
  "pk": 166,
  "fields": {
    "titulo": "Migrar datos desde SQLite a PostgreSQL",
    "descripcion": "Como desarrollador backend, necesito exportar los datos de db.sqlite3 y cargarlos en PostgreSQL utilizando dumpdata y loaddata, verificando la integridad de relaciones y conteos por tabla.",
    "criterios_aceptacion": "• Datos exportados desde SQLite usando dumpdata\r\n- Datos importados a PostgreSQL usando loaddata\r\n- Conteo de registros en PostgreSQL coincide con SQLite\r\n- Relaciones ForeignKey se mantienen sin errores\r\n- Pruebas de integridad completadas exitosamente",
    "categoria": "NUI",
    "estado": "TODO",
    "esfuerzo_sp": 5,
    "epica": 20,
    "asignado_a": 14,
    "sprint": 1,
    "completada": false,
    "fecha_cierre": null,
    "informe_cierre": "",
    "asignados": [
      14
    ]
  }
},
{
  "model": "backlog.tarea",
  "pk": 167,
  "fields": {
    "titulo": "Implementar roles de usuario",
    "descripcion": "Como desarrollador backend, necesito definir roles (Administrador, Colaborador, Invitado) con acceso diferenciado a los endpoints del backlog",
    "criterios_aceptacion": "- Roles definidos: Administrador, Colaborador, Invitado\r\n- Roles restringen acceso desde panel y API correctamente",
    "categoria": "UI",
    "estado": "APROBADO",
    "esfuerzo_sp": 3,
    "epica": 20,
    "asignado_a": 14,
    "sprint": 1,
    "completada": false,
    "fecha_cierre": null,
    "informe_cierre": "",
    "asignados": [
      14
    ]
  }
},
{
  "model": "backlog.tarea",
  "pk": 168,
  "fields": {
    "titulo": "Implementar respaldo y restauración PostgreSQL",
    "descripcion": "Como desarrollador backend, necesito crear scripts backup_pg.sh y restore_pg.sh para respaldos automáticos mediante pg_dump, programados con cron y almacenados en /backups/.",
    "criterios_aceptacion": "• Script backup_pg.sh creado y funcional\r\n- Script restore_pg.sh creado y funcional\r\n- Cron job configurado para respaldos automáticos\r\n- Respaldos almacenados en directorio /backups/\r\n- Respaldo y restauración verificados en entorno de prueba sin pérdida de datos",
    "categoria": "UI",
    "estado": "APROBADO",
    "esfuerzo_sp": 2,
    "epica": 20,
    "asignado_a": 14,
    "sprint": 1,
    "completada": false,
    "fecha_cierre": null,
    "informe_cierre": "",
    "asignados": [
      14
    ]
  }
},
{
  "model": "backlog.tarea",
  "pk": 169,
  "fields": {
    "titulo": "Integrar vistas HTML con modelos del nuevo backend PostgreSQL",
    "descripcion": "Como desarrollador frontend, necesito ajustar los templates y vistas (backlog_lista.html, home.html, tareas.html) para consumir datos del backend PostgreSQL modularizado por Jorge. Dependencia: espera finalización de tareas de migración PostgreSQL de Jorge.",
    "criterios_aceptacion": "• Templates ajustados: backlog_lista.html, home.html, tareas.html\r\n- Todas las vistas renderizan sin errores de ORM\r\n- Datos cargan correctamente desde PostgreSQL\r\n- Interfaz actual no se ve afectada negativamente\r\n- Coordinación completada con Jorge Cardona",
    "categoria": "UNI",
    "estado": "NUEVO",
    "esfuerzo_sp": 5,
    "epica": 20,
    "asignado_a": 10,
    "sprint": 1,
    "completada": false,
    "fecha_cierre": null,
    "informe_cierre": "",
    "asignados": [
      10
    ]
  }
},
{
  "model": "backlog.tarea",
  "pk": 170,
  "fields": {
    "titulo": "Actualizar plantillas con colores e identidad visual NEUSI",
    "descripcion": "Como desarrollador frontend, necesito aplicar la nueva paleta de colores y elementos de identidad visual NEUSI a todas las plantillas del Task Manager para alinearlas con la imagen corporativa. Trabajo coordinado con Daniela (Marketing).",
    "criterios_aceptacion": "• Paleta de colores NEUSI aplicada en todas las plantillas\r\n- Logo NEUSI integrado en header/navbar\r\n- Tipografía corporativa aplicada consistentemente\r\n- Base.html actualizado con estilos globales NEUSI\r\n- Validación de Daniela Mazuera completada\r\n- Interfaz visualmente coherente con identidad NEUSI",
    "categoria": "UI",
    "estado": "TODO",
    "esfuerzo_sp": 5,
    "epica": 20,
    "asignado_a": null,
    "sprint": 1,
    "completada": false,
    "fecha_cierre": null,
    "informe_cierre": "",
    "asignados": []
  }
},
{
  "model": "backlog.tarea",
  "pk": 172,
  "fields": {
    "titulo": "Documentar estructura y dependencias visuales del v1.1",
    "descripcion": "Como desarrollador frontend, necesito registrar en docs/frontend_dependencias_v1_1.md qué templates dependen de qué vistas y qué modelos/URLs del backend para facilitar mantenimiento futuro.",
    "criterios_aceptacion": "• Documento docs/frontend_dependencias_v1_1.md creado\r\n- Describe al menos 3 relaciones directas (template → view → model)\r\n- Documento versionado en rama v1.1_monolito_front\r\n- Documentación validada por Dirección Técnica",
    "categoria": "NUI",
    "estado": "NUEVO",
    "esfuerzo_sp": 2,
    "epica": 20,
    "asignado_a": 10,
    "sprint": 1,
    "completada": false,
    "fecha_cierre": null,
    "informe_cierre": "",
    "asignados": [
      10
    ]
  }
},
{
  "model": "backlog.tarea",
  "pk": 184,
  "fields": {
    "titulo": "Validación arquitectónica del ecosistema COOFiSAM360",
    "descripcion": "Como arquitecto, necesito validar compatibilidad Django-PostgreSQL-BI, revisar logs, dependencias y flujo completo de los 5 módulos en VM Coofisam.",
    "criterios_aceptacion": "• Compatibilidad Django + PostgreSQL validada\r\n- Entorno virtual operativo\r\n- Logs sin errores críticos\r\n- Flujo completo de datos verificado\r\n- Dependencias documentadas\r\n- Sistema estable sin advertencias\r\n- Coordinación con todo el equipo completada",
    "categoria": "UI",
    "estado": "NUEVO",
    "esfuerzo_sp": 3,
    "epica": 21,
    "asignado_a": 13,
    "sprint": 1,
    "completada": false,
    "fecha_cierre": null,
    "informe_cierre": "",
    "asignados": [
      13
    ]
  }
},
{
  "model": "backlog.tarea",
  "pk": 185,
  "fields": {
    "titulo": "Configurar roles y permisos por módulo",
    "descripcion": "Como arquitecto, necesito definir y configurar roles de usuario con acceso diferenciado a cada módulo según estructura organizacional de Coofisam.",
    "criterios_aceptacion": "• Roles definidos: Admin, Gerente, Usuario, Auditor\r\n- Permisos configurados por módulo\r\n- Restricciones de acceso funcionando\r\n- Usuarios sin permisos reciben error 403\r\n- Matriz de permisos documentada",
    "categoria": "UI",
    "estado": "NUEVO",
    "esfuerzo_sp": 2,
    "epica": 21,
    "asignado_a": null,
    "sprint": 1,
    "completada": false,
    "fecha_cierre": null,
    "informe_cierre": "",
    "asignados": []
  }
},
{
  "model": "backlog.tarea",
  "pk": 186,
  "fields": {
    "titulo": "Documentación técnica integral Sprint 1 COOFiSAM360",
    "descripcion": "Como arquitecto, necesito elaborar documentación completa con arquitectura, pasos técnicos, validaciones y capturas de todos los módulos migrados.",
    "criterios_aceptacion": "• Documento arquitectura del sistema completo\r\n- Pasos técnicos de migración documentados\r\n- Capturas de pantalla de validaciones\r\n- Evidencias en /evidencias/migracion_sprint1/\r\n- Diagrama de arquitectura actualizado\r\n- Documento validado por Coofisam y NEUSI\r\n- Archivado en repositorio Git",
    "categoria": "UI",
    "estado": "NUEVO",
    "esfuerzo_sp": 3,
    "epica": 21,
    "asignado_a": 13,
    "sprint": 1,
    "completada": false,
    "fecha_cierre": null,
    "informe_cierre": "",
    "asignados": [
      13
    ]
  }
},
{
  "model": "backlog.tarea",
  "pk": 201,
  "fields": {
    "titulo": "Configurar Django y endpoints REST para Financiera y Talento",
    "descripcion": "Como desarrollador backend, necesito configurar settings.py, .env y crear endpoints REST base /api/financiera/ y /api/talento/ con autenticación JWT.",
    "criterios_aceptacion": "• settings.py configurado con PostgreSQL VM • Archivo .env con credenciales seguras • Migraciones ejecutadas correctamente • Endpoints /api/financiera/ funcionando • Endpoints /api/talento/ funcionando • Autenticación JWT operativa • API responde 200 OK en Postman",
    "categoria": "UI",
    "estado": "NUEVO",
    "esfuerzo_sp": 3,
    "epica": 21,
    "asignado_a": 12,
    "sprint": 1,
    "completada": false,
    "fecha_cierre": null,
    "informe_cierre": "",
    "asignados": [
      12
    ]
  }
},
{
  "model": "backlog.tarea",
  "pk": 202,
  "fields": {
    "titulo": "Implementar endpoints REST /api/cartera/ y /api/credito/",
    "descripcion": "Como desarrollador backend, necesito implementar API REST completa con autenticación JWT y métodos CRUD para Cartera y Crédito.",
    "criterios_aceptacion": "• Endpoints /api/cartera/ con CRUD completo • Endpoints /api/credito/ con CRUD completo • Autenticación JWT validada • Todos los endpoints responden 200 OK • Datos se almacenan correctamente • Pruebas Postman documentadas",
    "categoria": "UI",
    "estado": "NUEVO",
    "esfuerzo_sp": null,
    "epica": 21,
    "asignado_a": 12,
    "sprint": 1,
    "completada": false,
    "fecha_cierre": null,
    "informe_cierre": "",
    "asignados": [
      12
    ]
  }
},
{
  "model": "backlog.tarea",
  "pk": 203,
  "fields": {
    "titulo": "Desarrollar API /api/documentos/ con carga de archivos",
    "descripcion": "Como desarrollador backend, necesito crear endpoint para carga, descarga y consulta de documentos con validaciones de tipo y tamaño.",
    "criterios_aceptacion": "• Endpoint /api/documentos/ con CRUD • Carga de archivos funcionando • Validación de tipo de archivo (PDF, DOC, XLS) • Validación de tamaño (<10MB) • Descarga de archivos operativa • CRUD documentales funcional en Postman",
    "categoria": "UI",
    "estado": "NUEVO",
    "esfuerzo_sp": 3,
    "epica": 21,
    "asignado_a": 12,
    "sprint": 1,
    "completada": false,
    "fecha_cierre": null,
    "informe_cierre": "",
    "asignados": [
      12
    ]
  }
},
{
  "model": "backlog.tarea",
  "pk": 204,
  "fields": {
    "titulo": "Crear interfaces Django para Financiera y Talento y Cultura",
    "descripcion": "Como desarrollador frontend, necesito diseñar y desarrollar formularios y plantillas HTML para los módulos Financiera y Talento y Cultura.",
    "criterios_aceptacion": "• Formularios Financiera operativos • Plantillas Talento y Cultura funcionales • Formularios conectados a backend PostgreSQL • Validaciones de campos implementadas • Interfaz responsive y coherente • Pruebas de usuario completadas",
    "categoria": "UI",
    "estado": "NUEVO",
    "esfuerzo_sp": 3,
    "epica": 21,
    "asignado_a": 6,
    "sprint": 1,
    "completada": false,
    "fecha_cierre": null,
    "informe_cierre": "",
    "asignados": [
      6
    ]
  }
},
{
  "model": "backlog.tarea",
  "pk": 205,
  "fields": {
    "titulo": "Desarrollar formularios Django para Cartera y Crédito",
    "descripcion": "Como desarrollador frontend, necesito crear formularios y vistas Django para registrar y consultar operaciones de Cartera y Crédito.",
    "criterios_aceptacion": "• Formularios Cartera funcionales • Formularios Crédito operativos • Vistas de consulta implementadas • Formularios coherentes con backend • CRUD operativo desde interfaz • Estilo visual unificado",
    "categoria": "UI",
    "estado": "NUEVO",
    "esfuerzo_sp": 3,
    "epica": 21,
    "asignado_a": 6,
    "sprint": 1,
    "completada": false,
    "fecha_cierre": null,
    "informe_cierre": "",
    "asignados": [
      6
    ]
  }
},
{
  "model": "backlog.tarea",
  "pk": 206,
  "fields": {
    "titulo": "Implementar interfaz de carga y gestión documental",
    "descripcion": "Como desarrollador frontend, necesito crear interfaz visual para carga de archivos con validaciones, alertas y diseño responsive.",
    "criterios_aceptacion": "• Interfaz de carga de archivos funcional • Validaciones visuales de tamaño y formato • Alertas de éxito/error implementadas • Lista de documentos cargados visible • Descarga de documentos operativa • Diseño responsive validado",
    "categoria": "UI",
    "estado": "NUEVO",
    "esfuerzo_sp": 2,
    "epica": 21,
    "asignado_a": 6,
    "sprint": 1,
    "completada": false,
    "fecha_cierre": null,
    "informe_cierre": "",
    "asignados": [
      6
    ]
  }
},
{
  "model": "backlog.tarea",
  "pk": 207,
  "fields": {
    "titulo": "Crear Dashboard Power BI Indicadores Financieros y Talento",
    "descripcion": "Como analista BI, necesito conectar Power BI a PostgreSQL VM Coofisam y crear visualización con KPIs de Financiera y Talento y Cultura.",
    "criterios_aceptacion": "• Power BI conectado a PostgreSQL VM • Datasets Financiera y Talento validados • Dashboard con KPIs principales creado • Indicadores actualizados automáticamente • Visualizaciones coherentes y claras • Dashboard validado con datos reales",
    "categoria": "UI",
    "estado": "NUEVO",
    "esfuerzo_sp": 3,
    "epica": 21,
    "asignado_a": 5,
    "sprint": 1,
    "completada": false,
    "fecha_cierre": null,
    "informe_cierre": "",
    "asignados": [
      5
    ]
  }
},
{
  "model": "backlog.tarea",
  "pk": 208,
  "fields": {
    "titulo": "Dashboard Power BI Cartera Crédito y Documentos",
    "descripcion": "Como analista BI, necesito crear dashboard integrado con indicadores de Cartera, Crédito y estadísticas de Gestión Documental.",
    "criterios_aceptacion": "• Dashboard Cartera con KPIs creado • Indicadores de Crédito visualizados • Métricas documentales incluidas • Conexión a vistas SQL optimizada • Dashboard actualizado en tiempo real • Validación con equipo Coofisam",
    "categoria": "UI",
    "estado": "NUEVO",
    "esfuerzo_sp": 3,
    "epica": 21,
    "asignado_a": 5,
    "sprint": 1,
    "completada": false,
    "fecha_cierre": null,
    "informe_cierre": "",
    "asignados": [
      5
    ]
  }
},
{
  "model": "backlog.tarea",
  "pk": 211,
  "fields": {
    "titulo": "Ajustes Varios de desarrollo",
    "descripcion": "Como desarrollador backend, necesito realizar ajustes y mejoras en el backend del NEUSI Task Manager para optimizar el rendimiento, corregir inconsistencias detectadas en las pruebas de integración, y preparar el sistema para la siguiente fase de desarrollo. Esto incluye refactorización de código, optimización de consultas, corrección de bugs menores y mejora de logs del sistema.",
    "criterios_aceptacion": "1. Optimización de Consultas\r\n2. Refactorización de Código\r\n3. Corrección de Bugs\r\n4. Mejora de Logs\r\n5. Pruebas y Validación\r\n6. Performance",
    "categoria": "UI",
    "estado": "EN_PROGRESO",
    "esfuerzo_sp": 5,
    "epica": 20,
    "asignado_a": 14,
    "sprint": 1,
    "completada": false,
    "fecha_cierre": null,
    "informe_cierre": "",
    "asignados": [
      14
    ]
  }
},
{
  "model": "backlog.tarea",
  "pk": 212,
  "fields": {
    "titulo": "Ajustes varios de frontend y optimización de interfaces del Task Manager",
    "descripcion": "Como desarrollador frontend, necesito realizar ajustes y mejoras en las interfaces del NEUSI Task Manager para optimizar la experiencia de usuario, corregir inconsistencias visuales detectadas en las pruebas, y mejorar la responsividad del sistema. Esto incluye corrección de estilos, mejora de validaciones del lado del cliente, optimización de carga de páginas y estandarización de componentes visuales.",
    "criterios_aceptacion": "1. Corrección de Estilos y Consistencia Visual\r\n2. Responsividad y Adaptabilidad\r\n3. Validaciones del Cliente\r\n4. Optimización de Carga\r\n5. Experiencia de Usuario (UX)\r\n6. Corrección de Bugs Visuales\r\n7. Accesibilidad Básica\r\n8. Documentación y Pruebas",
    "categoria": "UI",
    "estado": "NUEVO",
    "esfuerzo_sp": 5,
    "epica": 20,
    "asignado_a": 10,
    "sprint": 1,
    "completada": false,
    "fecha_cierre": null,
    "informe_cierre": "",
    "asignados": [
      10
    ]
  }
},
{
  "model": "backlog.tarea",
  "pk": 213,
  "fields": {
    "titulo": "Gestionar inscripción del equipo al programa \"Finanzas para Aprender\" de Cámara de Comercio",
    "descripcion": "Como Coordinadora de Gestión Humana y Administrativa, necesito inscribir al equipo NEUSI en el programa de capacitación \"Finanzas para Aprender\" ofrecido por la Cámara de Comercio, coordinando fechas, horarios y logística para asegurar la participación del equipo en esta formación financiera que fortalecerá nuestras competencias en gestión empresarial.",
    "criterios_aceptacion": "Investigación y Registro\r\nCoordinación con el Equipo\r\nLogística y Recursos\r\nSeguimiento y Documentación\r\nComunicación\r\nInformación Adicional",
    "categoria": "UNI",
    "estado": "NUEVO",
    "esfuerzo_sp": 3,
    "epica": 22,
    "asignado_a": 2,
    "sprint": 1,
    "completada": false,
    "fecha_cierre": null,
    "informe_cierre": "",
    "asignados": [
      2
    ]
  }
},
{
  "model": "backlog.tarea",
  "pk": 214,
  "fields": {
    "titulo": "Consolidar y distribuir videos de todas las sesiones anteriores de Cámara de Comercio",
    "descripcion": "Como Coordinadora de Gestión Humana y Administrativa, necesito recopilar, organizar y consolidar todos los videos de las capacitaciones previas realizadas con la Cámara de Comercio, crear una biblioteca digital accesible para todo el equipo y asegurar que este material de aprendizaje esté disponible para referencia futura y para nuevos integrantes.",
    "criterios_aceptacion": "Recopilación de Material\r\nOrganización y Estructura\r\nProcesamiento de Videos\r\nDistribución y Acceso\r\nDocumentación\r\nPreservación y Backup",
    "categoria": "UNI",
    "estado": "NUEVO",
    "esfuerzo_sp": 5,
    "epica": 17,
    "asignado_a": 2,
    "sprint": 1,
    "completada": false,
    "fecha_cierre": null,
    "informe_cierre": "",
    "asignados": [
      2
    ]
  }
},
{
  "model": "backlog.tarea",
  "pk": 215,
  "fields": {
    "titulo": "Identificar y recomendar cursos de capacitación específicos para cada miembro del equipo",
    "descripcion": "Como Coordinadora de Gestión Humana y Administrativa, necesito realizar un diagnóstico de necesidades de capacitación del equipo NEUSI, investigar cursos y programas de formación disponibles (gratuitos y pagos) y crear un plan de capacitación personalizado para cada integrante según su rol, nivel de experiencia y objetivos de desarrollo profesional.",
    "criterios_aceptacion": "Diagnóstico de Necesidades\r\nInvestigación de Cursos\r\nEvaluación de Opciones\r\nPlan de Capacitación Personalizado\r\nConsolidación y Presentación\r\nSeguimiento y Métricas",
    "categoria": "NUI",
    "estado": "NUEVO",
    "esfuerzo_sp": 5,
    "epica": 17,
    "asignado_a": 2,
    "sprint": 1,
    "completada": false,
    "fecha_cierre": null,
    "informe_cierre": "",
    "asignados": [
      2
    ]
  }
},
{
  "model": "backlog.tarea",
  "pk": 216,
  "fields": {
    "titulo": "Ejecutar tareas varias asignadas por Dirección General",
    "descripcion": "Como Coordinadora de Gestión Humana y Administrativa, necesito ejecutar diversas tareas delegadas por la Dirección General (Daniel Campos) que incluyen gestiones administrativas, coordinación organizacional, asuntos personales de dirección, trámites institucionales y otras actividades de apoyo que requieren seguimiento y ejecución durante el sprint. Estas tareas son de naturaleza variada y pueden surgir según las necesidades operativas de NEUSI y del Director General.",
    "criterios_aceptacion": "Gestión Administrativa\r\nCoordinación Organizacional\r\nGestión Institucional\r\nApoyo Personal a Dirección\r\nCompras y Logística\r\nRecursos Humanos\r\nSeguimiento y Comunicación\r\nDocumentación",
    "categoria": "UI",
    "estado": "NUEVO",
    "esfuerzo_sp": 5,
    "epica": 17,
    "asignado_a": 2,
    "sprint": 1,
    "completada": false,
    "fecha_cierre": null,
    "informe_cierre": "",
    "asignados": [
      2
    ]
  }
},
{
  "model": "backlog.tarea",
  "pk": 217,
  "fields": {
    "titulo": "Corrección de tabla de cupos de crédito y ajustes de codificación en tabla de presupuesto",
    "descripcion": "Como desarrollador de base de datos, necesito corregir los tipos de datos y codificación de caracteres en la tabla cupos_credito y en la tabla presupuesto, para  evitar errores de interpretación con tildes y caracteres especiales, garantizando integridad y legibilidad de los datos financieros.",
    "criterios_aceptacion": "* Se verifica que la tabla cupos_credito tenga tipos de datos coherentes con los campos requeridos por el sistema financiero.\r\n* Los campos tipo character varying aceptan correctamente tildes y caracteres especiales.\r\n* Se comprueba la correcta visualización de los datos en los módulos de interfaz (Power BI y Django).\r\n* Se documentan los cambios en un archivo SQL versionado (ajustes_bd_financiero.sql).",
    "categoria": "UI",
    "estado": "NUEVO",
    "esfuerzo_sp": 5,
    "epica": 15,
    "asignado_a": 17,
    "sprint": 1,
    "completada": false,
    "fecha_cierre": null,
    "informe_cierre": "",
    "asignados": [
      17
    ]
  }
},
{
  "model": "backlog.tarea",
  "pk": 218,
  "fields": {
    "titulo": "Contenerizar el módulo de base de datos del sistema financiero.",
    "descripcion": "Como desarrollador de base de datos, necesito dockerizar el módulo financiero, incluyendo la base de datos y sus dependencias, para garantizar portabilidad, replicabilidad y despliegue controlado en los entornos de desarrollo, pruebas y producción.",
    "criterios_aceptacion": "* Se crea un Dockerfile y un docker-compose.yml con configuración de PostgreSQL y volúmenes persistentes.\r\n* Se definen variables de entorno (.env) para credenciales y rutas seguras.\r\n* El contenedor se ejecuta correctamente con los datos de prueba del módulo financiero.\r\n* Documentación clara del proceso en /docs/docker_financiero.md.",
    "categoria": "UI",
    "estado": "NUEVO",
    "esfuerzo_sp": 3,
    "epica": 15,
    "asignado_a": 17,
    "sprint": 1,
    "completada": false,
    "fecha_cierre": null,
    "informe_cierre": "",
    "asignados": [
      17
    ]
  }
},
{
  "model": "backlog.tarea",
  "pk": 219,
  "fields": {
    "titulo": "Diseño y creación de estructura de base de datos para Cartera y Crédito.",
    "descripcion": "Como desarrollador de base de datos, necesito diseñar, normalizar y crear las tablas y relaciones para los módulos de cartera y crédito, con el fin de integrar estos subsistemas dentro del esquema general financiero y permitir análisis consistentes en los reportes y dashboards.",
    "criterios_aceptacion": "* Se entrega modelo entidad-relación (MER) actualizado en formato .png y .sql.\r\n* Se crean las tablas cartera, detalle_cartera, credito, historial_credito, etc., con claves primarias, foráneas e índices.\r\n* Se garantiza compatibilidad con los módulos de usuarios y transacciones.\r\n* Se realizan pruebas de inserción, actualización y eliminación sin errores.",
    "categoria": "UI",
    "estado": "NUEVO",
    "esfuerzo_sp": 3,
    "epica": 15,
    "asignado_a": 17,
    "sprint": 1,
    "completada": false,
    "fecha_cierre": null,
    "informe_cierre": "",
    "asignados": [
      17
    ]
  }
},
{
  "model": "backlog.tarea",
  "pk": 220,
  "fields": {
    "titulo": "Validar la migración completa del módulo financiero a la máquina virtual designada.",
    "descripcion": "Como desarrollador de base de datos, necesito validar junto con Daniel la correcta migración del módulo financiero a la máquina virtual de COOFISAM, para asegurar integridad de datos, conexión estable y correcto funcionamiento de los servicios dependientes*.",
    "criterios_aceptacion": "* Se verifica la restauración de la base de datos en la VM sin pérdida de registros.\r\n* Se comprueba conectividad desde los módulos frontend y backend.\r\n* Se documentan rutas de conexión, credenciales y logs de migración.\r\n* Se realiza una prueba funcional con los usuarios de Finanzas y Contabilidad.",
    "categoria": "UI",
    "estado": "NUEVO",
    "esfuerzo_sp": 5,
    "epica": 15,
    "asignado_a": 17,
    "sprint": 1,
    "completada": false,
    "fecha_cierre": null,
    "informe_cierre": "",
    "asignados": [
      17
    ]
  }
},
{
  "model": "backlog.daily",
  "pk": 111,
  "fields": {
    "integrante": 10,
    "fecha": "2025-10-21",
    "hora": "13:13:28.609",
    "que_hizo_ayer": "Reunirme con Jorge y preparár todo para la versión 2",
    "que_hara_hoy": "Hacer cambios en la versión 1 y adelantar las tareas",
    "impedimentos": "Ninguna",
    "fuera_horario": false
  }
},
{
  "model": "backlog.daily",
  "pk": 112,
  "fields": {
    "integrante": 17,
    "fecha": "2025-10-21",
    "hora": "13:26:44.742",
    "que_hizo_ayer": "crean y se organiza tabla de y se carga datos de ejecución presupuestal",
    "que_hara_hoy": "iniciar con la estructura de finanzas de bd",
    "impedimentos": "",
    "fuera_horario": false
  }
},
{
  "model": "backlog.daily",
  "pk": 113,
  "fields": {
    "integrante": 14,
    "fecha": "2025-10-21",
    "hora": "13:48:33",
    "que_hizo_ayer": "Repositorio código versión 2 NeusiTask , Reunión con Juan para afinar detalles y enlistar pendientes.",
    "que_hara_hoy": "Ajuste anexos de nuevos Roles , para agregar permisos .dependiendo de tiempo , revisare la parte de disponibilidad de neusitask version 1.",
    "impedimentos": "Hoy mi tiempo disponible depende de la carga de incidencias del otro trabajo.AK",
    "fuera_horario": false
  }
},
{
  "model": "backlog.daily",
  "pk": 114,
  "fields": {
    "integrante": 2,
    "fecha": "2025-10-21",
    "hora": "13:59:23.086",
    "que_hizo_ayer": "realice consulta en bancia para solucionar los temas tecnicos de la pagina pse, realizamos consulta en banco caja social para realizar la apertura de la cuenta empresarial, se ingresaron epicas e historias de cofisam 360, daniela mazuera, laura rivera, jorgue",
    "que_hara_hoy": "se subiran tareas de diana marin, andres gomez, andres gonzalez, samir, daniel campos, juan y cristhian",
    "impedimentos": "ninguno",
    "fuera_horario": false
  }
},
{
  "model": "backlog.daily",
  "pk": 115,
  "fields": {
    "integrante": 14,
    "fecha": "2025-10-22",
    "hora": "12:39:03.118",
    "que_hizo_ayer": "Se adaptan los roles asignados, se ajusta código para acceso, revisión disponibilidad.",
    "que_hara_hoy": "Conexión Postgress Rama para Pruebas antes de pasar a principal",
    "impedimentos": "",
    "fuera_horario": false
  }
},
{
  "model": "backlog.daily",
  "pk": 116,
  "fields": {
    "integrante": 17,
    "fecha": "2025-10-22",
    "hora": "13:02:01.449",
    "que_hizo_ayer": "revisando la documentación de financiera y echando  análisis de el contexto  principal de la data y  lo que esta expuesto para poder crear una bd mas robusta",
    "que_hara_hoy": "reunirme con daniel para analizar  el  Backlog  con  daniel y entenderlo, y continuar con Crear estructuras BD para Cartera, Crédito y Gestión Documental",
    "impedimentos": "analizar las dimensiones de las solicitudes",
    "fuera_horario": false
  }
},
{
  "model": "backlog.daily",
  "pk": 117,
  "fields": {
    "integrante": 4,
    "fecha": "2025-10-22",
    "hora": "14:12:31.582",
    "que_hizo_ayer": "Me reunio con una comercial propietaria de una empresa de tecnologia fuerte en temas de automatizacion que busca conversar con Neusi. Continue con la actualizacion de leads",
    "que_hara_hoy": "Hablar con Daniela para el tema de redes",
    "impedimentos": "Se requiere compra de linea corporrativa para el whatsapp bussines",
    "fuera_horario": true
  }
},
{
  "model": "backlog.daily",
  "pk": 118,
  "fields": {
    "integrante": 10,
    "fecha": "2025-10-22",
    "hora": "15:15:24.321",
    "que_hizo_ayer": "Ayer terminé de modificar todas las visitas",
    "que_hara_hoy": "Iniciaré con el documento de fronted",
    "impedimentos": "La retroalimentación de las visitas",
    "fuera_horario": true
  }
},
{
  "model": "backlog.daily",
  "pk": 119,
  "fields": {
    "integrante": 2,
    "fecha": "2025-10-22",
    "hora": "15:24:20.964",
    "que_hizo_ayer": "estuve en capacitacion de CCB, se realizaron adecuaciones a las tyareas de neusi task y se reviso documentacion emitida por el banco caja social",
    "que_hara_hoy": "cambio de historias de alex y envio de documentos del banco caja social",
    "impedimentos": "ninguno",
    "fuera_horario": true
  }
},
{
  "model": "auth.user",
  "fields": {
    "password": "pbkdf2_sha256$1000000$Ah4MN4MbEzJd08HFeSmTet$5j0U8JZrZ2SanLM/JoSmw/LJzRNgXiJ4l/5nQ45QxNQ=",
    "last_login": "2025-10-21T15:27:24.706Z",
    "is_superuser": true,
    "username": "daniel",
    "first_name": "Daniel",
    "last_name": "Campos",
    "email": "",
    "is_staff": true,
    "is_active": true,
    "date_joined": "2025-09-30T12:31:56.077Z",
    "groups": [],
    "user_permissions": []
  }
},
{
  "model": "auth.user",
  "fields": {
    "password": "pbkdf2_sha256$1000000$3x8NP1ojdY5AYB44sU09Uq$7Pzl+W4HIWDZAhLTG8mYptWBrZTRgATonhGGJKTw1uE=",
    "last_login": "2025-10-21T03:08:29.554Z",
    "is_superuser": false,
    "username": "laura",
    "first_name": "Laura",
    "last_name": "Rivera",
    "email": "",
    "is_staff": false,
    "is_active": true,
    "date_joined": "2025-09-30T12:33:22.299Z",
    "groups": [],
    "user_permissions": []
  }
},
{
  "model": "auth.user",
  "fields": {
    "password": "pbkdf2_sha256$1000000$UankmOhRGCG5GQRPZPchuq$fBFNQrO/vr/Wf+2rAmhTU9DCW5RKz0iUXeMSd4oYcKI=",
    "last_login": "2025-10-22T21:44:46.257Z",
    "is_superuser": false,
    "username": "diana",
    "first_name": "Diana",
    "last_name": "Marín",
    "email": "",
    "is_staff": false,
    "is_active": true,
    "date_joined": "2025-09-30T12:33:22.306Z",
    "groups": [],
    "user_permissions": []
  }
},
{
  "model": "auth.user",
  "fields": {
    "password": "pbkdf2_sha256$1000000$HQVUfspAfr85WN1RkXpUZy$ai58aYy51p7MdLhsaY+OH3z4dA9u7y0sEoTy8+AHdGg=",
    "last_login": "2025-10-14T15:48:42.129Z",
    "is_superuser": false,
    "username": "andres_gomez",
    "first_name": "Andrés",
    "last_name": "Gómez",
    "email": "",
    "is_staff": false,
    "is_active": true,
    "date_joined": "2025-09-30T12:48:15.013Z",
    "groups": [],
    "user_permissions": []
  }
},
{
  "model": "auth.user",
  "fields": {
    "password": "pbkdf2_sha256$1000000$5RJnx593qpvWwvUdCHhNQD$sKVfbfvrxYHGUbmQdQvoFIlyjuhC4NuxV8lLbPGg+Y4=",
    "last_login": "2025-10-17T13:22:38.904Z",
    "is_superuser": false,
    "username": "andres_gonzalez",
    "first_name": "Andrés",
    "last_name": "González",
    "email": "",
    "is_staff": false,
    "is_active": true,
    "date_joined": "2025-09-30T12:48:15.233Z",
    "groups": [],
    "user_permissions": []
  }
},
{
  "model": "auth.user",
  "fields": {
    "password": "pbkdf2_sha256$1000000$HKRuEJOhvOk66Wis9S4Nn7$jJONo4Oc4Orl4ZvrExzfV6lz38dNQ6HXObcXTiWvTjE=",
    "last_login": "2025-10-16T13:48:05.215Z",
    "is_superuser": false,
    "username": "christian",
    "first_name": "Christian",
    "last_name": "Jiménez",
    "email": "",
    "is_staff": false,
    "is_active": true,
    "date_joined": "2025-09-30T12:48:15.457Z",
    "groups": [],
    "user_permissions": []
  }
},
{
  "model": "auth.user",
  "fields": {
    "password": "pbkdf2_sha256$1000000$H9GgdVIz91vpknaa66n458$1j1n1akx8XhF/0zSFFgtV3xAePZQ1UTNuU9JlFDHW4g=",
    "last_login": "2025-10-22T05:08:06.205Z",
    "is_superuser": false,
    "username": "daniela",
    "first_name": "Daniela",
    "last_name": "Mazuera",
    "email": "",
    "is_staff": false,
    "is_active": true,
    "date_joined": "2025-09-30T12:48:15.681Z",
    "groups": [],
    "user_permissions": []
  }
},
{
  "model": "auth.user",
  "fields": {
    "password": "pbkdf2_sha256$1000000$il9MqVBtKvP4OckPwubron$qyjG72ErPRQhi+BuHvEExsC3sIat/g3fDwxtIgGj/kw=",
    "last_login": "2025-10-22T05:38:51.809Z",
    "is_superuser": false,
    "username": "juan",
    "first_name": "Juan",
    "last_name": "Santa María",
    "email": "",
    "is_staff": false,
    "is_active": true,
    "date_joined": "2025-09-30T12:48:16.338Z",
    "groups": [],
    "user_permissions": []
  }
},
{
  "model": "auth.user",
  "fields": {
    "password": "pbkdf2_sha256$1000000$mbzxK0qJpFnsSlF1ndotfN$4PiSf5X8t/x2CqZvg2Svn/thzHMM60BH9KQwEcIlTNs=",
    "last_login": "2025-10-02T19:02:14.492Z",
    "is_superuser": false,
    "username": "samir",
    "first_name": "Samir",
    "last_name": "Sánchez",
    "email": "",
    "is_staff": false,
    "is_active": true,
    "date_joined": "2025-09-30T12:48:16.785Z",
    "groups": [],
    "user_permissions": []
  }
},
{
  "model": "auth.user",
  "fields": {
    "password": "pbkdf2_sha256$1000000$I4QgZITy6EbUimMqSmvudw$MDnnEWhNPn5UY/qLd35GDdLgF1uPI0tzw08g/KT45nA=",
    "last_login": "2025-10-22T20:14:01.811Z",
    "is_superuser": false,
    "username": "jorge_cardona",
    "first_name": "Jorge",
    "last_name": "Cardona",
    "email": "",
    "is_staff": false,
    "is_active": true,
    "date_joined": "2025-10-11T18:21:36Z",
    "groups": [],
    "user_permissions": []
  }
},
{
  "model": "auth.user",
  "fields": {
    "password": "pbkdf2_sha256$1000000$IKI7WRLvwbENWkKsXGlV54$VCrB10HWCsLZIwWA4PGp1/T/glv+/Ji9hXAiW4hoiHw=",
    "last_login": "2025-10-21T14:16:53.107Z",
    "is_superuser": false,
    "username": "jorge_coofisam",
    "first_name": "",
    "last_name": "",
    "email": "",
    "is_staff": false,
    "is_active": true,
    "date_joined": "2025-10-15T22:34:43Z",
    "groups": [],
    "user_permissions": []
  }
},
{
  "model": "auth.user",
  "fields": {
    "password": "pbkdf2_sha256$1000000$clTvR9ELPLMXijMufcuAVD$a1FbVX16TyJOP+xhl5tlRupTYgCrxJCYYxP+lQVhEtY=",
    "last_login": "2025-10-22T12:55:04.524Z",
    "is_superuser": false,
    "username": "alex_aguilar",
    "first_name": "Javier Alexander",
    "last_name": "Aguilar",
    "email": "",
    "is_staff": false,
    "is_active": true,
    "date_joined": "2025-10-16T20:02:47Z",
    "groups": [],
    "user_permissions": []
  }
},
{
  "model": "auth.user",
  "fields": {
    "password": "pbkdf2_sha256$1000000$EH2N52ELuVGizfNPUxvf41$xg7dUbbrgmyE9GngPzKNIqP/XfYFQeWc3mOTj2aUvnA=",
    "last_login": "2025-10-21T16:00:47.245Z",
    "is_superuser": true,
    "username": "jorge_admin",
    "first_name": "",
    "last_name": "",
    "email": "",
    "is_staff": true,
    "is_active": true,
    "date_joined": "2025-10-21T13:34:37.101Z",
    "groups": [],
    "user_permissions": []
  }
},
{
  "model": "disponibilidad.disponibilidadsemanal",
  "pk": 1,
  "fields": {
    "usuario": [
      "andres_gomez"
    ],
    "semana_inicio": "2025-09-29",
    "creado": "2025-09-30T13:55:22.799Z",
    "actualizado": "2025-09-30T13:55:22.799Z"
  }
},
{
  "model": "disponibilidad.disponibilidadsemanal",
  "pk": 2,
  "fields": {
    "usuario": [
      "daniel"
    ],
    "semana_inicio": "2025-09-29",
    "creado": "2025-09-30T14:09:35.004Z",
    "actualizado": "2025-09-30T14:09:35.004Z"
  }
},
{
  "model": "disponibilidad.disponibilidadsemanal",
  "pk": 4,
  "fields": {
    "usuario": [
      "laura"
    ],
    "semana_inicio": "2025-09-29",
    "creado": "2025-09-30T14:17:20.286Z",
    "actualizado": "2025-09-30T14:17:20.286Z"
  }
},
{
  "model": "disponibilidad.disponibilidadsemanal",
  "pk": 5,
  "fields": {
    "usuario": [
      "christian"
    ],
    "semana_inicio": "2025-09-29",
    "creado": "2025-09-30T14:24:44.587Z",
    "actualizado": "2025-09-30T14:24:44.587Z"
  }
},
{
  "model": "disponibilidad.disponibilidadsemanal",
  "pk": 6,
  "fields": {
    "usuario": [
      "juan"
    ],
    "semana_inicio": "2025-09-29",
    "creado": "2025-09-30T14:24:56.885Z",
    "actualizado": "2025-09-30T14:24:56.885Z"
  }
},
{
  "model": "disponibilidad.disponibilidadsemanal",
  "pk": 8,
  "fields": {
    "usuario": [
      "samir"
    ],
    "semana_inicio": "2025-09-29",
    "creado": "2025-10-02T19:04:36.192Z",
    "actualizado": "2025-10-02T19:04:36.192Z"
  }
},
{
  "model": "disponibilidad.disponibilidadsemanal",
  "pk": 9,
  "fields": {
    "usuario": [
      "andres_gonzalez"
    ],
    "semana_inicio": "2025-09-29",
    "creado": "2025-10-04T13:00:55.356Z",
    "actualizado": "2025-10-04T13:00:55.356Z"
  }
},
{
  "model": "disponibilidad.disponibilidadsemanal",
  "pk": 10,
  "fields": {
    "usuario": [
      "andres_gomez"
    ],
    "semana_inicio": "2025-10-06",
    "creado": "2025-10-06T14:14:42.314Z",
    "actualizado": "2025-10-06T14:14:42.314Z"
  }
},
{
  "model": "disponibilidad.disponibilidadsemanal",
  "pk": 11,
  "fields": {
    "usuario": [
      "juan"
    ],
    "semana_inicio": "2025-10-06",
    "creado": "2025-10-06T17:22:59.902Z",
    "actualizado": "2025-10-06T17:22:59.902Z"
  }
},
{
  "model": "disponibilidad.disponibilidadsemanal",
  "pk": 12,
  "fields": {
    "usuario": [
      "jorge_cardona"
    ],
    "semana_inicio": "2025-10-06",
    "creado": "2025-10-11T18:32:17.936Z",
    "actualizado": "2025-10-11T18:32:17.936Z"
  }
},
{
  "model": "disponibilidad.disponibilidadsemanal",
  "pk": 13,
  "fields": {
    "usuario": [
      "jorge_cardona"
    ],
    "semana_inicio": "2025-10-13",
    "creado": "2025-10-14T12:57:20.991Z",
    "actualizado": "2025-10-14T12:57:20.991Z"
  }
},
{
  "model": "disponibilidad.disponibilidadsemanal",
  "pk": 14,
  "fields": {
    "usuario": [
      "daniel"
    ],
    "semana_inicio": "2025-10-13",
    "creado": "2025-10-16T00:15:47.753Z",
    "actualizado": "2025-10-16T00:15:47.753Z"
  }
},
{
  "model": "disponibilidad.disponibilidadsemanal",
  "pk": 15,
  "fields": {
    "usuario": [
      "andres_gomez"
    ],
    "semana_inicio": "2025-10-20",
    "creado": "2025-10-20T15:16:34.573Z",
    "actualizado": "2025-10-20T15:16:34.574Z"
  }
},
{
  "model": "disponibilidad.disponibilidadsemanal",
  "pk": 16,
  "fields": {
    "usuario": [
      "juan"
    ],
    "semana_inicio": "2025-10-20",
    "creado": "2025-10-20T18:39:28.364Z",
    "actualizado": "2025-10-20T18:39:28.364Z"
  }
},
{
  "model": "disponibilidad.disponibilidadsemanal",
  "pk": 17,
  "fields": {
    "usuario": [
      "jorge_cardona"
    ],
    "semana_inicio": "2025-10-20",
    "creado": "2025-10-21T16:03:08.700Z",
    "actualizado": "2025-10-21T16:03:08.700Z"
  }
},
{
  "model": "disponibilidad.disponibilidadsemanal",
  "pk": 18,
  "fields": {
    "usuario": [
      "diana"
    ],
    "semana_inicio": "2025-10-20",
    "creado": "2025-10-21T21:23:21.975Z",
    "actualizado": "2025-10-21T21:23:21.975Z"
  }
},
{
  "model": "disponibilidad.disponibilidadsemanal",
  "pk": 19,
  "fields": {
    "usuario": [
      "diana"
    ],
    "semana_inicio": "2025-10-27",
    "creado": "2025-10-21T21:49:18.429Z",
    "actualizado": "2025-10-21T21:49:18.429Z"
  }
},
{
  "model": "disponibilidad.disponibilidadsemanal",
  "pk": 20,
  "fields": {
    "usuario": [
      "jorge_coofisam"
    ],
    "semana_inicio": "2025-10-20",
    "creado": "2025-10-21T22:39:06.269Z",
    "actualizado": "2025-10-21T22:39:06.269Z"
  }
},
{
  "model": "disponibilidad.disponibilidadsemanal",
  "pk": 21,
  "fields": {
    "usuario": [
      "jorge_admin"
    ],
    "semana_inicio": "2025-10-20",
    "creado": "2025-10-21T22:39:06.289Z",
    "actualizado": "2025-10-21T22:39:06.289Z"
  }
},
{
  "model": "disponibilidad.disponibilidadsemanal",
  "pk": 22,
  "fields": {
    "usuario": [
      "andres_gonzalez"
    ],
    "semana_inicio": "2025-10-20",
    "creado": "2025-10-21T22:39:06.309Z",
    "actualizado": "2025-10-21T22:39:06.309Z"
  }
},
{
  "model": "disponibilidad.disponibilidadsemanal",
  "pk": 23,
  "fields": {
    "usuario": [
      "christian"
    ],
    "semana_inicio": "2025-10-20",
    "creado": "2025-10-21T22:39:06.341Z",
    "actualizado": "2025-10-21T22:39:06.341Z"
  }
},
{
  "model": "disponibilidad.disponibilidadsemanal",
  "pk": 24,
  "fields": {
    "usuario": [
      "daniel"
    ],
    "semana_inicio": "2025-10-20",
    "creado": "2025-10-21T22:39:06.361Z",
    "actualizado": "2025-10-21T22:39:06.361Z"
  }
},
{
  "model": "disponibilidad.disponibilidadsemanal",
  "pk": 25,
  "fields": {
    "usuario": [
      "daniela"
    ],
    "semana_inicio": "2025-10-20",
    "creado": "2025-10-21T22:39:06.378Z",
    "actualizado": "2025-10-21T22:39:06.378Z"
  }
},
{
  "model": "disponibilidad.disponibilidadsemanal",
  "pk": 26,
  "fields": {
    "usuario": [
      "alex_aguilar"
    ],
    "semana_inicio": "2025-10-20",
    "creado": "2025-10-21T22:39:06.396Z",
    "actualizado": "2025-10-21T22:39:06.396Z"
  }
},
{
  "model": "disponibilidad.disponibilidadsemanal",
  "pk": 27,
  "fields": {
    "usuario": [
      "laura"
    ],
    "semana_inicio": "2025-10-20",
    "creado": "2025-10-21T22:39:06.443Z",
    "actualizado": "2025-10-21T22:39:06.443Z"
  }
},
{
  "model": "disponibilidad.disponibilidadsemanal",
  "pk": 28,
  "fields": {
    "usuario": [
      "samir"
    ],
    "semana_inicio": "2025-10-20",
    "creado": "2025-10-21T22:39:06.459Z",
    "actualizado": "2025-10-21T22:39:06.459Z"
  }
},
{
  "model": "disponibilidad.disponibilidaddia",
  "pk": 1,
  "fields": {
    "disponibilidad": 18,
    "dia_semana": 0,
    "tipo": "N",
    "hora_inicio": null,
    "hora_fin": null,
    "notas": ""
  }
},
{
  "model": "disponibilidad.disponibilidaddia",
  "pk": 2,
  "fields": {
    "disponibilidad": 18,
    "dia_semana": 1,
    "tipo": "N",
    "hora_inicio": null,
    "hora_fin": null,
    "notas": ""
  }
},
{
  "model": "disponibilidad.disponibilidaddia",
  "pk": 3,
  "fields": {
    "disponibilidad": 18,
    "dia_semana": 2,
    "tipo": "N",
    "hora_inicio": null,
    "hora_fin": null,
    "notas": ""
  }
},
{
  "model": "disponibilidad.disponibilidaddia",
  "pk": 4,
  "fields": {
    "disponibilidad": 18,
    "dia_semana": 3,
    "tipo": "N",
    "hora_inicio": null,
    "hora_fin": null,
    "notas": ""
  }
},
{
  "model": "disponibilidad.disponibilidaddia",
  "pk": 5,
  "fields": {
    "disponibilidad": 18,
    "dia_semana": 4,
    "tipo": "N",
    "hora_inicio": null,
    "hora_fin": null,
    "notas": ""
  }
},
{
  "model": "disponibilidad.disponibilidaddia",
  "pk": 6,
  "fields": {
    "disponibilidad": 18,
    "dia_semana": 5,
    "tipo": "N",
    "hora_inicio": null,
    "hora_fin": null,
    "notas": ""
  }
},
{
  "model": "disponibilidad.disponibilidaddia",
  "pk": 7,
  "fields": {
    "disponibilidad": 18,
    "dia_semana": 6,
    "tipo": "N",
    "hora_inicio": null,
    "hora_fin": null,
    "notas": ""
  }
},
{
  "model": "disponibilidad.disponibilidaddia",
  "pk": 8,
  "fields": {
    "disponibilidad": 19,
    "dia_semana": 0,
    "tipo": "N",
    "hora_inicio": null,
    "hora_fin": null,
    "notas": ""
  }
},
{
  "model": "disponibilidad.disponibilidaddia",
  "pk": 9,
  "fields": {
    "disponibilidad": 19,
    "dia_semana": 1,
    "tipo": "N",
    "hora_inicio": null,
    "hora_fin": null,
    "notas": ""
  }
},
{
  "model": "disponibilidad.disponibilidaddia",
  "pk": 10,
  "fields": {
    "disponibilidad": 19,
    "dia_semana": 2,
    "tipo": "N",
    "hora_inicio": null,
    "hora_fin": null,
    "notas": ""
  }
},
{
  "model": "disponibilidad.disponibilidaddia",
  "pk": 11,
  "fields": {
    "disponibilidad": 19,
    "dia_semana": 3,
    "tipo": "N",
    "hora_inicio": null,
    "hora_fin": null,
    "notas": ""
  }
},
{
  "model": "disponibilidad.disponibilidaddia",
  "pk": 12,
  "fields": {
    "disponibilidad": 19,
    "dia_semana": 4,
    "tipo": "N",
    "hora_inicio": null,
    "hora_fin": null,
    "notas": ""
  }
},
{
  "model": "disponibilidad.disponibilidaddia",
  "pk": 13,
  "fields": {
    "disponibilidad": 19,
    "dia_semana": 5,
    "tipo": "N",
    "hora_inicio": null,
    "hora_fin": null,
    "notas": ""
  }
},
{
  "model": "disponibilidad.disponibilidaddia",
  "pk": 14,
  "fields": {
    "disponibilidad": 19,
    "dia_semana": 6,
    "tipo": "N",
    "hora_inicio": null,
    "hora_fin": null,
    "notas": ""
  }
},
{
  "model": "disponibilidad.disponibilidaddia",
  "pk": 15,
  "fields": {
    "disponibilidad": 20,
    "dia_semana": 0,
    "tipo": "N",
    "hora_inicio": null,
    "hora_fin": null,
    "notas": ""
  }
},
{
  "model": "disponibilidad.disponibilidaddia",
  "pk": 16,
  "fields": {
    "disponibilidad": 20,
    "dia_semana": 1,
    "tipo": "N",
    "hora_inicio": null,
    "hora_fin": null,
    "notas": ""
  }
},
{
  "model": "disponibilidad.disponibilidaddia",
  "pk": 17,
  "fields": {
    "disponibilidad": 20,
    "dia_semana": 2,
    "tipo": "N",
    "hora_inicio": null,
    "hora_fin": null,
    "notas": ""
  }
},
{
  "model": "disponibilidad.disponibilidaddia",
  "pk": 18,
  "fields": {
    "disponibilidad": 20,
    "dia_semana": 3,
    "tipo": "N",
    "hora_inicio": null,
    "hora_fin": null,
    "notas": ""
  }
},
{
  "model": "disponibilidad.disponibilidaddia",
  "pk": 19,
  "fields": {
    "disponibilidad": 20,
    "dia_semana": 4,
    "tipo": "N",
    "hora_inicio": null,
    "hora_fin": null,
    "notas": ""
  }
},
{
  "model": "disponibilidad.disponibilidaddia",
  "pk": 20,
  "fields": {
    "disponibilidad": 20,
    "dia_semana": 5,
    "tipo": "N",
    "hora_inicio": null,
    "hora_fin": null,
    "notas": ""
  }
},
{
  "model": "disponibilidad.disponibilidaddia",
  "pk": 21,
  "fields": {
    "disponibilidad": 20,
    "dia_semana": 6,
    "tipo": "N",
    "hora_inicio": null,
    "hora_fin": null,
    "notas": ""
  }
},
{
  "model": "disponibilidad.disponibilidaddia",
  "pk": 22,
  "fields": {
    "disponibilidad": 21,
    "dia_semana": 0,
    "tipo": "N",
    "hora_inicio": null,
    "hora_fin": null,
    "notas": ""
  }
},
{
  "model": "disponibilidad.disponibilidaddia",
  "pk": 23,
  "fields": {
    "disponibilidad": 21,
    "dia_semana": 1,
    "tipo": "N",
    "hora_inicio": null,
    "hora_fin": null,
    "notas": ""
  }
},
{
  "model": "disponibilidad.disponibilidaddia",
  "pk": 24,
  "fields": {
    "disponibilidad": 21,
    "dia_semana": 2,
    "tipo": "N",
    "hora_inicio": null,
    "hora_fin": null,
    "notas": ""
  }
},
{
  "model": "disponibilidad.disponibilidaddia",
  "pk": 25,
  "fields": {
    "disponibilidad": 21,
    "dia_semana": 3,
    "tipo": "N",
    "hora_inicio": null,
    "hora_fin": null,
    "notas": ""
  }
},
{
  "model": "disponibilidad.disponibilidaddia",
  "pk": 26,
  "fields": {
    "disponibilidad": 21,
    "dia_semana": 4,
    "tipo": "N",
    "hora_inicio": null,
    "hora_fin": null,
    "notas": ""
  }
},
{
  "model": "disponibilidad.disponibilidaddia",
  "pk": 27,
  "fields": {
    "disponibilidad": 21,
    "dia_semana": 5,
    "tipo": "N",
    "hora_inicio": null,
    "hora_fin": null,
    "notas": ""
  }
},
{
  "model": "disponibilidad.disponibilidaddia",
  "pk": 28,
  "fields": {
    "disponibilidad": 21,
    "dia_semana": 6,
    "tipo": "N",
    "hora_inicio": null,
    "hora_fin": null,
    "notas": ""
  }
},
{
  "model": "disponibilidad.disponibilidaddia",
  "pk": 29,
  "fields": {
    "disponibilidad": 22,
    "dia_semana": 0,
    "tipo": "N",
    "hora_inicio": null,
    "hora_fin": null,
    "notas": ""
  }
},
{
  "model": "disponibilidad.disponibilidaddia",
  "pk": 30,
  "fields": {
    "disponibilidad": 22,
    "dia_semana": 1,
    "tipo": "N",
    "hora_inicio": null,
    "hora_fin": null,
    "notas": ""
  }
},
{
  "model": "disponibilidad.disponibilidaddia",
  "pk": 31,
  "fields": {
    "disponibilidad": 22,
    "dia_semana": 2,
    "tipo": "N",
    "hora_inicio": null,
    "hora_fin": null,
    "notas": ""
  }
},
{
  "model": "disponibilidad.disponibilidaddia",
  "pk": 32,
  "fields": {
    "disponibilidad": 22,
    "dia_semana": 3,
    "tipo": "N",
    "hora_inicio": null,
    "hora_fin": null,
    "notas": ""
  }
},
{
  "model": "disponibilidad.disponibilidaddia",
  "pk": 33,
  "fields": {
    "disponibilidad": 22,
    "dia_semana": 4,
    "tipo": "N",
    "hora_inicio": null,
    "hora_fin": null,
    "notas": ""
  }
},
{
  "model": "disponibilidad.disponibilidaddia",
  "pk": 34,
  "fields": {
    "disponibilidad": 22,
    "dia_semana": 5,
    "tipo": "N",
    "hora_inicio": null,
    "hora_fin": null,
    "notas": ""
  }
},
{
  "model": "disponibilidad.disponibilidaddia",
  "pk": 35,
  "fields": {
    "disponibilidad": 22,
    "dia_semana": 6,
    "tipo": "N",
    "hora_inicio": null,
    "hora_fin": null,
    "notas": ""
  }
},
{
  "model": "disponibilidad.disponibilidaddia",
  "pk": 36,
  "fields": {
    "disponibilidad": 15,
    "dia_semana": 0,
    "tipo": "N",
    "hora_inicio": null,
    "hora_fin": null,
    "notas": ""
  }
},
{
  "model": "disponibilidad.disponibilidaddia",
  "pk": 37,
  "fields": {
    "disponibilidad": 15,
    "dia_semana": 1,
    "tipo": "N",
    "hora_inicio": null,
    "hora_fin": null,
    "notas": ""
  }
},
{
  "model": "disponibilidad.disponibilidaddia",
  "pk": 38,
  "fields": {
    "disponibilidad": 15,
    "dia_semana": 2,
    "tipo": "N",
    "hora_inicio": null,
    "hora_fin": null,
    "notas": ""
  }
},
{
  "model": "disponibilidad.disponibilidaddia",
  "pk": 39,
  "fields": {
    "disponibilidad": 15,
    "dia_semana": 3,
    "tipo": "N",
    "hora_inicio": null,
    "hora_fin": null,
    "notas": ""
  }
},
{
  "model": "disponibilidad.disponibilidaddia",
  "pk": 40,
  "fields": {
    "disponibilidad": 15,
    "dia_semana": 4,
    "tipo": "N",
    "hora_inicio": null,
    "hora_fin": null,
    "notas": ""
  }
},
{
  "model": "disponibilidad.disponibilidaddia",
  "pk": 41,
  "fields": {
    "disponibilidad": 15,
    "dia_semana": 5,
    "tipo": "N",
    "hora_inicio": null,
    "hora_fin": null,
    "notas": ""
  }
},
{
  "model": "disponibilidad.disponibilidaddia",
  "pk": 42,
  "fields": {
    "disponibilidad": 15,
    "dia_semana": 6,
    "tipo": "N",
    "hora_inicio": null,
    "hora_fin": null,
    "notas": ""
  }
},
{
  "model": "disponibilidad.disponibilidaddia",
  "pk": 43,
  "fields": {
    "disponibilidad": 23,
    "dia_semana": 0,
    "tipo": "N",
    "hora_inicio": null,
    "hora_fin": null,
    "notas": ""
  }
},
{
  "model": "disponibilidad.disponibilidaddia",
  "pk": 44,
  "fields": {
    "disponibilidad": 23,
    "dia_semana": 1,
    "tipo": "N",
    "hora_inicio": null,
    "hora_fin": null,
    "notas": ""
  }
},
{
  "model": "disponibilidad.disponibilidaddia",
  "pk": 45,
  "fields": {
    "disponibilidad": 23,
    "dia_semana": 2,
    "tipo": "N",
    "hora_inicio": null,
    "hora_fin": null,
    "notas": ""
  }
},
{
  "model": "disponibilidad.disponibilidaddia",
  "pk": 46,
  "fields": {
    "disponibilidad": 23,
    "dia_semana": 3,
    "tipo": "N",
    "hora_inicio": null,
    "hora_fin": null,
    "notas": ""
  }
},
{
  "model": "disponibilidad.disponibilidaddia",
  "pk": 47,
  "fields": {
    "disponibilidad": 23,
    "dia_semana": 4,
    "tipo": "N",
    "hora_inicio": null,
    "hora_fin": null,
    "notas": ""
  }
},
{
  "model": "disponibilidad.disponibilidaddia",
  "pk": 48,
  "fields": {
    "disponibilidad": 23,
    "dia_semana": 5,
    "tipo": "N",
    "hora_inicio": null,
    "hora_fin": null,
    "notas": ""
  }
},
{
  "model": "disponibilidad.disponibilidaddia",
  "pk": 49,
  "fields": {
    "disponibilidad": 23,
    "dia_semana": 6,
    "tipo": "N",
    "hora_inicio": null,
    "hora_fin": null,
    "notas": ""
  }
},
{
  "model": "disponibilidad.disponibilidaddia",
  "pk": 50,
  "fields": {
    "disponibilidad": 24,
    "dia_semana": 0,
    "tipo": "N",
    "hora_inicio": null,
    "hora_fin": null,
    "notas": ""
  }
},
{
  "model": "disponibilidad.disponibilidaddia",
  "pk": 51,
  "fields": {
    "disponibilidad": 24,
    "dia_semana": 1,
    "tipo": "N",
    "hora_inicio": null,
    "hora_fin": null,
    "notas": ""
  }
},
{
  "model": "disponibilidad.disponibilidaddia",
  "pk": 52,
  "fields": {
    "disponibilidad": 24,
    "dia_semana": 2,
    "tipo": "N",
    "hora_inicio": null,
    "hora_fin": null,
    "notas": ""
  }
},
{
  "model": "disponibilidad.disponibilidaddia",
  "pk": 53,
  "fields": {
    "disponibilidad": 24,
    "dia_semana": 3,
    "tipo": "N",
    "hora_inicio": null,
    "hora_fin": null,
    "notas": ""
  }
},
{
  "model": "disponibilidad.disponibilidaddia",
  "pk": 54,
  "fields": {
    "disponibilidad": 24,
    "dia_semana": 4,
    "tipo": "N",
    "hora_inicio": null,
    "hora_fin": null,
    "notas": ""
  }
},
{
  "model": "disponibilidad.disponibilidaddia",
  "pk": 55,
  "fields": {
    "disponibilidad": 24,
    "dia_semana": 5,
    "tipo": "N",
    "hora_inicio": null,
    "hora_fin": null,
    "notas": ""
  }
},
{
  "model": "disponibilidad.disponibilidaddia",
  "pk": 56,
  "fields": {
    "disponibilidad": 24,
    "dia_semana": 6,
    "tipo": "N",
    "hora_inicio": null,
    "hora_fin": null,
    "notas": ""
  }
},
{
  "model": "disponibilidad.disponibilidaddia",
  "pk": 57,
  "fields": {
    "disponibilidad": 25,
    "dia_semana": 0,
    "tipo": "N",
    "hora_inicio": null,
    "hora_fin": null,
    "notas": ""
  }
},
{
  "model": "disponibilidad.disponibilidaddia",
  "pk": 58,
  "fields": {
    "disponibilidad": 25,
    "dia_semana": 1,
    "tipo": "N",
    "hora_inicio": null,
    "hora_fin": null,
    "notas": ""
  }
},
{
  "model": "disponibilidad.disponibilidaddia",
  "pk": 59,
  "fields": {
    "disponibilidad": 25,
    "dia_semana": 2,
    "tipo": "N",
    "hora_inicio": null,
    "hora_fin": null,
    "notas": ""
  }
},
{
  "model": "disponibilidad.disponibilidaddia",
  "pk": 60,
  "fields": {
    "disponibilidad": 25,
    "dia_semana": 3,
    "tipo": "N",
    "hora_inicio": null,
    "hora_fin": null,
    "notas": ""
  }
},
{
  "model": "disponibilidad.disponibilidaddia",
  "pk": 61,
  "fields": {
    "disponibilidad": 25,
    "dia_semana": 4,
    "tipo": "N",
    "hora_inicio": null,
    "hora_fin": null,
    "notas": ""
  }
},
{
  "model": "disponibilidad.disponibilidaddia",
  "pk": 62,
  "fields": {
    "disponibilidad": 25,
    "dia_semana": 5,
    "tipo": "N",
    "hora_inicio": null,
    "hora_fin": null,
    "notas": ""
  }
},
{
  "model": "disponibilidad.disponibilidaddia",
  "pk": 63,
  "fields": {
    "disponibilidad": 25,
    "dia_semana": 6,
    "tipo": "N",
    "hora_inicio": null,
    "hora_fin": null,
    "notas": ""
  }
},
{
  "model": "disponibilidad.disponibilidaddia",
  "pk": 64,
  "fields": {
    "disponibilidad": 26,
    "dia_semana": 0,
    "tipo": "N",
    "hora_inicio": null,
    "hora_fin": null,
    "notas": ""
  }
},
{
  "model": "disponibilidad.disponibilidaddia",
  "pk": 65,
  "fields": {
    "disponibilidad": 26,
    "dia_semana": 1,
    "tipo": "N",
    "hora_inicio": null,
    "hora_fin": null,
    "notas": ""
  }
},
{
  "model": "disponibilidad.disponibilidaddia",
  "pk": 66,
  "fields": {
    "disponibilidad": 26,
    "dia_semana": 2,
    "tipo": "N",
    "hora_inicio": null,
    "hora_fin": null,
    "notas": ""
  }
},
{
  "model": "disponibilidad.disponibilidaddia",
  "pk": 67,
  "fields": {
    "disponibilidad": 26,
    "dia_semana": 3,
    "tipo": "N",
    "hora_inicio": null,
    "hora_fin": null,
    "notas": ""
  }
},
{
  "model": "disponibilidad.disponibilidaddia",
  "pk": 68,
  "fields": {
    "disponibilidad": 26,
    "dia_semana": 4,
    "tipo": "N",
    "hora_inicio": null,
    "hora_fin": null,
    "notas": ""
  }
},
{
  "model": "disponibilidad.disponibilidaddia",
  "pk": 69,
  "fields": {
    "disponibilidad": 26,
    "dia_semana": 5,
    "tipo": "N",
    "hora_inicio": null,
    "hora_fin": null,
    "notas": ""
  }
},
{
  "model": "disponibilidad.disponibilidaddia",
  "pk": 70,
  "fields": {
    "disponibilidad": 26,
    "dia_semana": 6,
    "tipo": "N",
    "hora_inicio": null,
    "hora_fin": null,
    "notas": ""
  }
},
{
  "model": "disponibilidad.disponibilidaddia",
  "pk": 71,
  "fields": {
    "disponibilidad": 17,
    "dia_semana": 0,
    "tipo": "N",
    "hora_inicio": null,
    "hora_fin": null,
    "notas": ""
  }
},
{
  "model": "disponibilidad.disponibilidaddia",
  "pk": 72,
  "fields": {
    "disponibilidad": 17,
    "dia_semana": 1,
    "tipo": "N",
    "hora_inicio": null,
    "hora_fin": null,
    "notas": ""
  }
},
{
  "model": "disponibilidad.disponibilidaddia",
  "pk": 73,
  "fields": {
    "disponibilidad": 17,
    "dia_semana": 2,
    "tipo": "R",
    "hora_inicio": "19:00:00",
    "hora_fin": "21:00:00",
    "notas": ""
  }
},
{
  "model": "disponibilidad.disponibilidaddia",
  "pk": 74,
  "fields": {
    "disponibilidad": 17,
    "dia_semana": 3,
    "tipo": "R",
    "hora_inicio": "19:00:00",
    "hora_fin": "21:00:00",
    "notas": ""
  }
},
{
  "model": "disponibilidad.disponibilidaddia",
  "pk": 75,
  "fields": {
    "disponibilidad": 17,
    "dia_semana": 4,
    "tipo": "R",
    "hora_inicio": "19:00:00",
    "hora_fin": "21:00:00",
    "notas": ""
  }
},
{
  "model": "disponibilidad.disponibilidaddia",
  "pk": 76,
  "fields": {
    "disponibilidad": 17,
    "dia_semana": 5,
    "tipo": "R",
    "hora_inicio": "19:00:00",
    "hora_fin": "21:00:00",
    "notas": ""
  }
},
{
  "model": "disponibilidad.disponibilidaddia",
  "pk": 77,
  "fields": {
    "disponibilidad": 17,
    "dia_semana": 6,
    "tipo": "R",
    "hora_inicio": "15:00:00",
    "hora_fin": "17:00:00",
    "notas": ""
  }
},
{
  "model": "disponibilidad.disponibilidaddia",
  "pk": 78,
  "fields": {
    "disponibilidad": 16,
    "dia_semana": 0,
    "tipo": "N",
    "hora_inicio": null,
    "hora_fin": null,
    "notas": ""
  }
},
{
  "model": "disponibilidad.disponibilidaddia",
  "pk": 79,
  "fields": {
    "disponibilidad": 16,
    "dia_semana": 1,
    "tipo": "N",
    "hora_inicio": null,
    "hora_fin": null,
    "notas": ""
  }
},
{
  "model": "disponibilidad.disponibilidaddia",
  "pk": 80,
  "fields": {
    "disponibilidad": 16,
    "dia_semana": 2,
    "tipo": "N",
    "hora_inicio": null,
    "hora_fin": null,
    "notas": ""
  }
},
{
  "model": "disponibilidad.disponibilidaddia",
  "pk": 81,
  "fields": {
    "disponibilidad": 16,
    "dia_semana": 3,
    "tipo": "N",
    "hora_inicio": null,
    "hora_fin": null,
    "notas": ""
  }
},
{
  "model": "disponibilidad.disponibilidaddia",
  "pk": 82,
  "fields": {
    "disponibilidad": 16,
    "dia_semana": 4,
    "tipo": "N",
    "hora_inicio": null,
    "hora_fin": null,
    "notas": ""
  }
},
{
  "model": "disponibilidad.disponibilidaddia",
  "pk": 83,
  "fields": {
    "disponibilidad": 16,
    "dia_semana": 5,
    "tipo": "N",
    "hora_inicio": null,
    "hora_fin": null,
    "notas": ""
  }
},
{
  "model": "disponibilidad.disponibilidaddia",
  "pk": 84,
  "fields": {
    "disponibilidad": 16,
    "dia_semana": 6,
    "tipo": "N",
    "hora_inicio": null,
    "hora_fin": null,
    "notas": ""
  }
},
{
  "model": "disponibilidad.disponibilidaddia",
  "pk": 85,
  "fields": {
    "disponibilidad": 27,
    "dia_semana": 0,
    "tipo": "N",
    "hora_inicio": null,
    "hora_fin": null,
    "notas": ""
  }
},
{
  "model": "disponibilidad.disponibilidaddia",
  "pk": 86,
  "fields": {
    "disponibilidad": 27,
    "dia_semana": 1,
    "tipo": "N",
    "hora_inicio": null,
    "hora_fin": null,
    "notas": ""
  }
},
{
  "model": "disponibilidad.disponibilidaddia",
  "pk": 87,
  "fields": {
    "disponibilidad": 27,
    "dia_semana": 2,
    "tipo": "N",
    "hora_inicio": null,
    "hora_fin": null,
    "notas": ""
  }
},
{
  "model": "disponibilidad.disponibilidaddia",
  "pk": 88,
  "fields": {
    "disponibilidad": 27,
    "dia_semana": 3,
    "tipo": "N",
    "hora_inicio": null,
    "hora_fin": null,
    "notas": ""
  }
},
{
  "model": "disponibilidad.disponibilidaddia",
  "pk": 89,
  "fields": {
    "disponibilidad": 27,
    "dia_semana": 4,
    "tipo": "N",
    "hora_inicio": null,
    "hora_fin": null,
    "notas": ""
  }
},
{
  "model": "disponibilidad.disponibilidaddia",
  "pk": 90,
  "fields": {
    "disponibilidad": 27,
    "dia_semana": 5,
    "tipo": "N",
    "hora_inicio": null,
    "hora_fin": null,
    "notas": ""
  }
},
{
  "model": "disponibilidad.disponibilidaddia",
  "pk": 91,
  "fields": {
    "disponibilidad": 27,
    "dia_semana": 6,
    "tipo": "N",
    "hora_inicio": null,
    "hora_fin": null,
    "notas": ""
  }
},
{
  "model": "disponibilidad.disponibilidaddia",
  "pk": 92,
  "fields": {
    "disponibilidad": 28,
    "dia_semana": 0,
    "tipo": "N",
    "hora_inicio": null,
    "hora_fin": null,
    "notas": ""
  }
},
{
  "model": "disponibilidad.disponibilidaddia",
  "pk": 93,
  "fields": {
    "disponibilidad": 28,
    "dia_semana": 1,
    "tipo": "N",
    "hora_inicio": null,
    "hora_fin": null,
    "notas": ""
  }
},
{
  "model": "disponibilidad.disponibilidaddia",
  "pk": 94,
  "fields": {
    "disponibilidad": 28,
    "dia_semana": 2,
    "tipo": "N",
    "hora_inicio": null,
    "hora_fin": null,
    "notas": ""
  }
},
{
  "model": "disponibilidad.disponibilidaddia",
  "pk": 95,
  "fields": {
    "disponibilidad": 28,
    "dia_semana": 3,
    "tipo": "N",
    "hora_inicio": null,
    "hora_fin": null,
    "notas": ""
  }
},
{
  "model": "disponibilidad.disponibilidaddia",
  "pk": 96,
  "fields": {
    "disponibilidad": 28,
    "dia_semana": 4,
    "tipo": "N",
    "hora_inicio": null,
    "hora_fin": null,
    "notas": ""
  }
},
{
  "model": "disponibilidad.disponibilidaddia",
  "pk": 97,
  "fields": {
    "disponibilidad": 28,
    "dia_semana": 5,
    "tipo": "N",
    "hora_inicio": null,
    "hora_fin": null,
    "notas": ""
  }
},
{
  "model": "disponibilidad.disponibilidaddia",
  "pk": 98,
  "fields": {
    "disponibilidad": 28,
    "dia_semana": 6,
    "tipo": "N",
    "hora_inicio": null,
    "hora_fin": null,
    "notas": ""
  }
},
{
  "model": "backlog.evidencia",
  "pk": 3,
  "fields": {
    "tarea": 211,
    "comentario": "Se realiza cambio en logica por roles asignados. permisos de Admin, Visualizador y otros adaptado, se ajustan views generales y se adapta con la nueva logica.. queda pendiente se monte nuevamente la base ya que quedo con baches en la carga",
    "archivo": "",
    "creado_por": [
      "jorge_cardona"
    ],
    "creado_en": "2025-10-21T17:18:39.452Z",
    "actualizado_en": "2025-10-21T17:18:39.452Z"
  }
},
{
  "model": "backlog.integrante",
  "pk": 1,
  "fields": {
    "user": [
      "laura"
    ],
    "rol": "Contadora General"
  }
},
{
  "model": "backlog.integrante",
  "pk": 2,
  "fields": {
    "user": [
      "diana"
    ],
    "rol": "Coordinadora de Gestión Humana y Administrativa"
  }
},
{
  "model": "backlog.integrante",
  "pk": 4,
  "fields": {
    "user": [
      "andres_gomez"
    ],
    "rol": "Líder Comercial"
  }
},
{
  "model": "backlog.integrante",
  "pk": 5,
  "fields": {
    "user": [
      "andres_gonzalez"
    ],
    "rol": "Especialista en Visualización y BI"
  }
},
{
  "model": "backlog.integrante",
  "pk": 6,
  "fields": {
    "user": [
      "christian"
    ],
    "rol": "Desarrollador Frontend"
  }
},
{
  "model": "backlog.integrante",
  "pk": 7,
  "fields": {
    "user": [
      "daniela"
    ],
    "rol": "Coordinadora de Marketing y Comunicación"
  }
},
{
  "model": "backlog.integrante",
  "pk": 10,
  "fields": {
    "user": [
      "juan"
    ],
    "rol": "Scrum Master / PO"
  }
},
{
  "model": "backlog.integrante",
  "pk": 12,
  "fields": {
    "user": [
      "samir"
    ],
    "rol": "Desarrollador Backend"
  }
},
{
  "model": "backlog.integrante",
  "pk": 13,
  "fields": {
    "user": [
      "daniel"
    ],
    "rol": "Arquitecto de Software y Director General"
  }
},
{
  "model": "backlog.integrante",
  "pk": 14,
  "fields": {
    "user": [
      "jorge_cardona"
    ],
    "rol": "Desarrollador Backend"
  }
},
{
  "model": "backlog.integrante",
  "pk": 15,
  "fields": {
    "user": [
      "jorge_coofisam"
    ],
    "rol": "Product Owner Coofisam360"
  }
},
{
  "model": "backlog.integrante",
  "pk": 17,
  "fields": {
    "user": [
      "alex_aguilar"
    ],
    "rol": "Administrador de Bases de Datos (DBA)"
  }
},
{
  "model": "backlog.integrante",
  "pk": 18,
  "fields": {
    "user": [
      "jorge_admin"
    ],
    "rol": "Miembro"
  }
}
]
